#{"t_start": 1684358533.0692818, "env_id": null}
r,l,t
22,22,55.21034
13,13,61.611757
15,15,67.776049
13,13,74.292858
13,13,80.775927
1,1,82.533821
11,11,89.025882
12,12,95.376269
5,5,101.909632
15,15,108.416968
14,14,115.366497
16,16,121.799416
12,12,128.257652
16,16,134.375244
13,13,140.791032
13,13,147.466411
13,13,153.740679
12,12,159.849198
18,18,167.026829
13,13,173.240984
13,13,179.657104
11,11,185.957141
15,15,192.464994
20,20,200.127755
16,16,206.589378
16,16,213.031831
15,15,220.722695
16,16,228.113993
22,22,236.612486
11,11,242.831216
15,15,249.296879
16,16,255.495049
15,15,262.599985
13,13,268.837881
13,13,275.36381
16,16,281.879294
16,16,289.304371
22,22,297.155232
17,17,303.554713
14,14,309.662921
14,14,316.170482
21,21,325.469851
12,12,331.77002
14,14,338.162437
11,11,344.529372
19,19,351.761498
16,16,357.896314
13,13,364.190579
15,15,370.394022
12,12,376.519669
20,20,384.227424
12,12,390.32791
20,20,397.619154
13,13,404.152126
12,12,410.577392
13,13,416.660135
14,14,422.844048
20,20,431.70996
16,16,438.101739
18,18,445.117675
12,12,451.500681
11,11,457.733925
24,24,466.627797
13,13,473.142602
11,11,479.363761
11,11,485.80874
16,16,492.157802
13,13,498.699822
12,12,505.243155
16,16,511.650327
12,12,518.02409
17,17,525.899826
14,14,532.157253
21,21,541.24024
13,13,547.364681
12,12,553.467259
15,15,560.093363
13,13,566.556003
16,16,572.681744
13,13,579.222684
16,16,585.356121
18,18,592.631436
16,16,599.78994
14,14,606.122958
21,21,614.156345
17,17,620.305099
14,14,626.804506
13,13,633.30543
10,10,639.422249
13,13,645.763852
12,12,652.04229
13,13,658.112681
12,12,664.446166
12,12,670.812093
15,15,678.039649
12,12,684.387318
18,18,691.820213
13,13,698.019891
13,13,704.286999
18,18,711.586663
14,14,717.761761
14,14,724.148036
15,15,730.44467
16,16,736.954094
14,14,743.352883
12,12,749.436138
19,19,758.635853
18,18,765.527773
10,10,771.788347
12,12,778.075248
12,12,784.510127
26,26,794.109704
12,12,800.484741
16,16,806.99358
12,12,813.094108
15,15,819.500283
16,16,826.976466
37,37,841.592268
15,15,847.808668
11,11,854.317
14,14,860.46663
16,16,867.01662
16,16,874.007912
16,16,880.11904
15,15,886.724878
13,13,892.843651
15,15,899.115902
16,16,905.151734
23,23,914.332329
13,13,920.574941
18,18,930.097913
16,16,937.331517
15,15,943.882198
12,12,950.365473
15,15,956.56493
16,16,962.706385
12,12,968.84294
13,13,975.222917
14,14,981.572646
15,15,988.12225
13,13,994.213981
15,15,1001.313339
17,17,1009.179819
16,16,1016.546271
15,15,1022.887466
13,13,1029.213273
15,15,1035.730761
20,20,1043.296827
16,16,1049.431833
15,15,1055.51247
16,16,1063.711987
15,15,1071.494879
14,14,1077.65356
14,14,1083.770586
17,17,1090.328303
14,14,1096.786202
18,18,1104.147651
12,12,1110.569828
21,21,1118.819971
13,13,1124.927347
13,13,1131.279422
12,12,1137.968747
13,13,1144.193987
14,14,1150.610331
14,14,1157.002575
21,21,1167.45134
11,11,1173.83529
12,12,1180.092602
20,20,1187.618016
20,20,1195.642808
16,16,1203.600523
13,13,1210.101117
12,12,1216.367491
13,13,1222.667178
15,15,1228.850841
25,25,1239.524762
13,13,1245.665979
15,15,1251.832996
13,13,1258.275168
15,15,1265.648807
17,17,1273.891377
15,15,1280.099931
13,13,1286.531947
17,17,1295.151963
11,11,1301.264667
19,19,1309.165778
14,14,1315.431239
11,11,1321.656822
12,12,1328.164592
14,14,1334.281223
11,11,1340.415333
14,14,1346.881562
14,14,1353.472744
17,17,1359.622576
15,15,1366.205576
11,11,1372.492203
21,21,1381.463157
16,16,1389.313139
16,16,1395.688338
14,14,1401.762688
14,14,1409.304134
10,10,1415.429301
13,13,1421.621446
13,13,1427.740762
12,12,1434.212516
15,15,1440.604123
14,14,1447.112477
18,18,1453.562562
14,14,1459.712159
16,16,1465.769888
19,19,1472.98696
14,14,1480.768936
15,15,1487.411361
19,19,1495.310901
18,18,1503.098222
12,12,1509.202761
12,12,1515.351951
11,11,1521.571207
15,15,1529.002141
12,12,1535.084913
12,12,1541.176381
12,12,1547.294391
16,16,1553.760211
14,14,1560.259743
12,12,1566.375341
12,12,1572.79319
14,14,1578.975884
18,18,1586.375389
13,13,1593.554633
16,16,1599.908681
14,14,1606.100123
14,14,1612.722761
17,17,1619.157869
16,16,1625.659199
15,15,1631.992181
22,22,1640.008234
23,23,1650.021099
14,14,1656.398903
17,17,1664.002267
20,20,1670.80672
12,12,1677.00081
17,17,1684.839707
14,14,1691.006635
13,13,1697.56438
14,14,1704.131849
14,14,1710.630925
11,11,1716.806599
16,16,1722.888692
15,15,1729.325855
17,17,1735.872575
17,17,1743.814279
19,19,1749.931885
13,13,1756.430257
13,13,1762.613005
17,17,1768.679947
22,22,1777.320689
13,13,1783.513009
15,15,1790.012355
12,12,1796.470387
22,22,1805.112314
15,15,1811.461556
14,14,1817.879325
14,14,1824.387184
15,15,1830.619515
15,15,1837.944654
13,13,1844.15617
12,12,1850.593884
13,13,1856.830058
12,12,1863.33632
16,16,1870.985742
13,13,1877.230954
19,19,1884.352438
20,20,1892.702598
18,18,1900.094296
16,16,1906.601468
14,14,1913.000808
15,15,1919.310001
17,17,1925.717843
12,12,1932.185635
11,11,1938.816833
18,18,1946.559842
17,17,1953.583667
13,13,1960.250344
15,15,1966.684644
20,20,1974.853252
14,14,1981.416253
12,12,1987.675472
19,19,1995.544481
14,14,2002.066857
17,17,2009.774457
16,16,2016.16416
14,14,2022.257645
15,15,2029.085773
11,11,2035.181552
25,25,2044.207202
13,13,2050.557185
14,14,2056.831997
13,13,2063.023917
12,12,2069.334248
19,19,2076.881295
14,14,2083.372731
20,20,2091.514099
17,17,2097.8561
14,14,2104.230758
14,14,2110.309858
16,16,2118.105842
18,18,2124.316782
16,16,2131.805443
12,12,2138.172587
19,19,2146.4633
15,15,2152.695827
15,15,2159.262754
16,16,2165.579718
14,14,2171.712991
17,17,2179.52077
14,14,2185.953975
13,13,2192.120615
14,14,2198.562181
15,15,2204.720493
15,15,2210.911159
11,11,2217.095165
12,12,2223.67869
15,15,2230.969791
17,17,2237.169167
20,20,2245.602625
15,15,2252.360389
22,22,2261.185858
13,13,2267.830141
16,16,2274.919041
12,12,2281.102164
16,16,2288.90115
12,12,2295.347048
14,14,2301.484306
15,15,2308.001451
13,13,2314.598539
12,12,2320.825426
14,14,2327.196935
26,26,2337.841812
21,21,2345.94149
12,12,2352.017018
14,14,2358.116999
17,17,2364.600112
16,16,2372.291678
18,18,2380.257599
14,14,2386.632966
18,18,2392.732329
13,13,2398.882175
12,12,2405.282092
12,12,2411.347955
15,15,2417.423763
15,15,2423.681967
29,29,2435.673389
15,15,2441.851271
12,12,2448.38081
11,11,2454.466125
17,17,2461.341096
16,16,2468.522386
13,13,2475.006049
17,17,2481.59742
17,17,2488.180067
18,18,2495.563972
10,10,2501.95083
17,17,2508.139087
13,13,2514.246505
11,11,2520.71309
59,59,2542.504031
11,11,2549.282227
16,16,2555.720122
13,13,2562.220818
17,17,2569.522469
13,13,2576.1779
10,10,2582.320082
14,14,2588.670283
16,16,2595.949572
17,17,2602.323033
19,19,2610.118918
19,19,2618.473279
15,15,2624.93615
17,17,2632.810483
15,15,2640.579953
13,13,2647.019079
15,15,2654.643003
18,18,2660.817946
14,14,2666.936625
23,23,2675.34308
15,15,2683.059274
12,12,2689.436899
16,16,2696.367766
18,18,2704.178313
17,17,2711.467381
12,12,2717.850661
18,18,2724.292056
14,14,2731.758176
14,14,2738.200336
11,11,2744.558628
19,19,2751.074351
14,14,2758.499954
15,15,2764.642045
17,17,2772.633711
16,16,2779.443507
11,11,2785.53231
14,14,2791.666237
14,14,2798.189696
18,18,2804.423343
16,16,2811.873414
15,15,2818.142811
12,12,2825.348153
16,16,2831.798734
16,16,2837.897853
17,17,2845.114722
14,14,2851.338762
18,18,2859.305228
20,20,2868.647026
13,13,2874.8971
13,13,2881.197001
13,13,2887.663066
14,14,2894.005689
16,16,2900.606288
13,13,2906.787648
11,11,2913.029481
14,14,2919.235907
13,13,2926.53758
16,16,2933.078777
21,21,2942.254066
17,17,2948.436012
18,18,2954.97925
18,18,2962.420005
14,14,2968.803425
15,15,2975.076646
14,14,2981.285431
14,14,2988.686167
12,12,2995.03531
18,18,3002.372381
14,14,3008.544528
15,15,3015.026628
15,15,3021.285714
26,26,3033.485762
14,14,3040.770987
15,15,3046.900816
19,19,3055.225908
12,12,3061.33396
11,11,3067.400989
17,17,3073.634208
19,19,3080.909092
14,14,3088.725111
13,13,3096.019632
13,13,3102.158105
19,19,3108.382416
19,19,3116.891396
11,11,3123.275152
16,16,3129.399384
16,16,3135.942123
21,21,3144.107569
17,17,3151.923611
13,13,3158.124056
13,13,3164.290178
22,22,3173.139767
14,14,3179.373416
13,13,3185.832015
19,19,3193.889654
15,15,3201.23921
14,14,3207.73875
16,16,3213.855253
12,12,3220.38166
14,14,3226.91345
14,14,3233.03917
22,22,3241.304972
15,15,3248.594971
18,18,3255.771132
11,11,3262.180637
18,18,3268.304467
21,21,3276.554746
25,25,3288.263596
13,13,3294.770757
13,13,3301.204281
19,19,3308.529086
11,11,3315.695892
21,21,3325.453162
18,18,3334.212101
14,14,3340.677587
20,20,3347.961514
22,22,3357.636595
17,17,3363.710708
14,14,3370.036704
15,15,3376.469127
15,15,3382.91004
12,12,3389.326791
14,14,3395.452146
21,21,3402.592972
16,16,3410.552353
15,15,3418.37692
19,19,3426.742848
19,19,3434.709903
15,15,3441.167378
17,17,3447.334637
14,14,3453.517266
13,13,3459.60824
21,21,3467.867769
15,15,3474.266117
12,12,3480.400394
25,25,3491.010667
17,17,3497.149326
14,14,3503.566395
12,12,3510.049964
20,20,3517.824182
19,19,3526.331808
13,13,3532.557163
18,18,3539.098645
18,18,3547.535298
16,16,3553.672523
12,12,3559.881785
12,12,3565.969368
15,15,3572.164115
16,16,3580.289171
13,13,3586.672322
14,14,3592.822716
12,12,3599.229902
12,12,3605.488589
20,20,3612.696151
15,15,3619.666544
18,18,3627.096728
17,17,3633.239229
12,12,3639.513346
17,17,3647.405204
14,14,3653.663395
13,13,3660.095038
14,14,3666.17873
12,12,3672.612456
17,17,3678.737325
23,23,3688.229003
13,13,3694.46193
14,14,3700.895778
14,14,3707.028086
10,10,3713.185969
20,20,3722.652395
16,16,3729.077671
14,14,3735.153038
15,15,3743.335492
15,15,3749.494539
13,13,3756.102645
12,12,3762.6516
14,14,3769.235735
11,11,3775.676527
16,16,3782.26812
19,19,3788.742745
12,12,3795.126474
17,17,3802.717737
12,12,3809.209546
12,12,3815.437398
16,16,3821.867542
16,16,3828.009921
15,15,3835.440004
17,17,3841.983069
13,13,3848.24117
14,14,3854.650239
20,20,3863.476681
13,13,3869.641405
15,15,3876.066354
12,12,3882.397759
11,11,3888.752049
20,20,3896.269317
13,13,3902.655874
12,12,3909.157142
14,14,3915.290515
17,17,3922.482256
14,14,3929.548071
14,14,3936.075248
16,16,3944.190246
16,16,3951.210361
18,18,3958.68891
9,9,3964.922183
15,15,3971.363535
11,11,3977.505706
15,15,3983.871765
16,16,3990.3385
16,16,3996.449923
18,18,4002.657599
12,12,4008.845973
19,19,4014.963113
13,13,4021.471565
12,12,4027.812979
14,14,4034.1458
19,19,4042.828827
18,18,4050.263108
17,17,4058.137062
14,14,4064.606227
12,12,4070.776351
12,12,4077.59555
16,16,4085.377758
12,12,4091.745327
14,14,4099.072168
33,33,4110.388963
12,12,4116.518755
15,15,4123.927408
18,18,4132.052772
17,17,4139.369128
18,18,4145.705069
20,20,4153.142718
22,22,4161.901445
11,11,4168.354228
13,13,4174.543968
13,13,4180.784055
15,15,4186.992194
20,20,4193.919817
15,15,4200.325675
16,16,4207.392246
16,16,4214.742447
15,15,4220.949974
20,20,4230.528297
17,17,4237.574818
16,16,4243.749321
12,12,4249.865885
15,15,4256.043168
13,13,4262.507532
12,12,4269.032878
12,12,4275.16534
26,26,4287.202805
12,12,4293.473491
11,11,4299.806639
20,20,4309.198889
15,15,4316.480684
15,15,4323.104186
16,16,4329.165405
17,17,4335.714109
10,10,4341.950265
19,19,4349.26347
20,20,4357.988947
21,21,4366.49729
15,15,4372.871619
14,14,4379.280085
10,10,4385.63815
32,32,4396.545389
20,20,4403.978894
19,19,4411.81273
19,19,4419.295827
11,11,4425.437237
13,13,4431.987069
11,11,4438.861438
12,12,4445.178512
14,14,4451.352441
11,11,4457.829086
14,14,4464.120159
16,16,4470.227976
14,14,4477.602755
21,21,4486.777656
12,12,4493.377205
15,15,4500.93594
15,15,4507.476763
16,16,4514.660526
12,12,4520.717829
23,23,4531.534227
15,15,4537.801165
15,15,4544.043394
14,14,4550.301614
10,10,4556.676362
20,20,4563.059228
15,15,4569.583992
11,11,4575.703362
18,18,4584.685371
24,24,4593.52536
12,12,4599.683813
19,19,4606.741791
12,12,4612.891315
15,15,4619.191151
25,25,4629.882394
12,12,4636.043261
13,13,4642.185865
15,15,4648.540481
11,11,4654.666373
12,12,4660.948511
28,28,4669.606254
18,18,4675.756031
13,13,4681.848482
21,21,4690.181822
14,14,4696.455629
18,18,4702.547306
14,14,4709.597801
14,14,4716.064155
14,14,4722.441728
16,16,4728.922764
10,10,4735.041632
10,10,4741.247306
20,20,4749.480258
16,16,4755.938236
11,11,4762.015508
13,13,4768.179835
14,14,4775.470781
17,17,4781.84609
35,35,4793.270685
20,20,4801.162042
14,14,4807.304031
15,15,4814.303168
12,12,4820.795663
14,14,4826.936714
14,14,4833.044826
16,16,4839.202481
17,17,4845.728453
12,12,4852.195186
24,24,4861.2523
11,11,4867.443326
13,13,4874.087048
15,15,4880.33527
22,22,4887.827281
14,14,4895.002074
15,15,4901.178339
15,15,4907.634955
16,16,4914.259919
14,14,4921.126198
20,20,4928.319883
17,17,4934.567693
16,16,4940.73401
15,15,4947.126268
17,17,4954.250531
14,14,4960.45924
14,14,4966.966372
18,18,4973.475478
16,16,4980.891263
14,14,4987.358059
18,18,4993.924158
14,14,5000.441237
13,13,5006.81564
18,18,5015.041514
11,11,5021.175821
16,16,5027.930315
16,16,5034.09839
13,13,5040.514922
13,13,5046.714906
9,9,5053.17292
15,15,5059.455217
18,18,5065.605666
13,13,5072.865769
12,12,5079.355547
14,14,5085.731117
16,16,5091.953903
12,12,5098.189533
13,13,5104.755141
13,13,5110.888456
21,21,5118.637783
13,13,5124.847069
17,17,5131.33038
13,13,5137.521919
13,13,5143.604348
12,12,5150.055969
22,22,5157.154058
23,23,5164.446098
15,15,5170.937651
15,15,5177.203583
15,15,5183.740545
13,13,5189.912404
15,15,5196.178005
13,13,5202.361323
15,15,5209.678736
16,16,5216.453093
21,21,5222.919601
13,13,5229.394131
36,36,5241.74366
11,11,5248.275513
12,12,5255.558597
14,14,5261.68562
18,18,5267.768826
19,19,5275.193739
14,14,5281.46034
13,13,5287.593056
16,16,5293.984736
15,15,5300.434747
12,12,5306.893171
13,13,5313.426194
15,15,5319.551049
16,16,5325.742817
13,13,5331.900028
12,12,5338.317163
12,12,5344.399435
15,15,5350.599459
21,21,5358.77441
13,13,5365.249851
13,13,5371.399536
13,13,5377.832265
14,14,5384.382434
17,17,5391.648592
15,15,5397.839697
14,14,5404.042359
14,14,5410.31549
14,14,5416.664927
11,11,5423.12279
13,13,5429.257673
15,15,5435.489399
15,15,5441.972699
23,23,5450.681103
15,15,5457.222303
14,14,5463.380863
16,16,5469.539425
16,16,5476.029997
12,12,5482.496746
12,12,5488.91294
20,20,5495.438484
18,18,5502.672383
14,14,5509.179333
12,12,5515.679649
16,16,5522.080163
15,15,5528.245832
13,13,5534.462729
13,13,5540.929155
12,12,5547.396351
15,15,5553.537404
22,22,5561.76225
14,14,5567.877933
13,13,5574.19421
18,18,5581.670132
17,17,5587.789338
14,14,5593.920108
17,17,5601.810958
13,13,5608.068989
18,18,5614.252028
13,13,5620.843975
12,12,5626.927216
12,12,5633.535331
14,14,5639.751538
14,14,5646.25972
17,17,5652.387458
17,17,5658.518948
13,13,5664.673603
13,13,5671.068287
13,13,5677.267242
11,11,5683.417742
14,14,5689.667544
19,19,5696.675611
18,18,5703.233528
20,20,5710.291523
16,16,5717.767516
18,18,5725.267265
14,14,5731.825497
15,15,5738.341405
18,18,5744.832718
15,15,5751.290686
13,13,5757.384359
14,14,5763.815358
16,16,5770.3747
15,15,5776.474122
13,13,5782.932316
13,13,5789.37416
13,13,5796.031174
15,15,5802.206256
12,12,5808.590411
13,13,5815.234415
14,14,5821.73913
26,26,5831.105086
11,11,5837.330642
16,16,5844.630715
17,17,5852.171541
16,16,5858.77173
14,14,5865.338271
17,17,5872.446528
19,19,5879.338312
11,11,5885.425406
14,14,5891.521033
18,18,5897.970905
16,16,5904.232873
11,11,5910.804171
14,14,5917.003642
16,16,5923.278406
17,17,5931.303951
20,20,5938.462025
20,20,5946.378385
13,13,5952.921625
18,18,5961.294513
11,11,5967.694189
16,16,5973.820005
17,17,5980.160606
20,20,5988.036372
15,15,5994.118474
13,13,6000.234836
14,14,6006.55145
16,16,6012.968155
14,14,6019.485183
15,15,6026.492715
13,13,6032.734645
13,13,6039.118229
16,16,6045.334835
17,17,6051.784494
14,14,6057.870104
16,16,6064.309125
21,21,6070.516963
13,13,6076.716779
15,15,6084.291435
22,22,6091.500469
15,15,6097.675532
13,13,6105.198076
14,14,6111.299335
17,17,6117.79976
12,12,6124.207895
14,14,6130.72481
20,20,6138.782799
15,15,6145.391043
20,20,6151.518085
15,15,6157.990628
15,15,6164.539475
17,17,6171.107327
17,17,6177.198533
12,12,6183.622869
14,14,6190.100732
13,13,6196.365012
17,17,6202.517226
15,15,6208.780979
16,16,6215.272428
17,17,6223.472304
12,12,6229.532735
15,15,6237.088404
15,15,6244.230138
13,13,6250.605552
13,13,6256.756536
15,15,6263.920747
14,14,6270.046145
18,18,6277.45868
15,15,6283.946039
12,12,6290.454537
14,14,6296.512267
12,12,6302.679295
18,18,6310.395062
14,14,6316.520544
16,16,6322.937084
14,14,6329.086023
15,15,6336.186172
15,15,6342.288713
13,13,6348.435647
18,18,6355.902648
16,16,6362.981052
12,12,6369.410389
16,16,6375.601892
17,17,6382.135495
13,13,6388.6102
11,11,6394.701773
10,10,6400.802068
13,13,6406.893059
20,20,6413.109505
19,19,6421.409883
13,13,6427.951246
14,14,6434.1177
12,12,6440.634523
16,16,6446.749923
13,13,6453.042146
15,15,6459.425565
12,12,6465.617395
14,14,6471.725219
22,22,6479.374826
14,14,6485.783091
15,15,6492.028032
14,14,6498.573828
23,23,6509.157556
13,13,6515.258825
14,14,6521.440489
16,16,6528.057058
16,16,6534.198078
27,27,6543.317789
15,15,6549.564484
15,15,6555.681481
20,20,6564.184184
11,11,6570.68977
13,13,6576.805628
13,13,6583.289343
11,11,6589.447161
18,18,6596.88833
21,21,6604.515904
13,13,6610.788954
15,15,6617.016404
14,14,6623.113028
13,13,6629.271453
12,12,6635.416679
13,13,6642.004273
18,18,6648.145862
17,17,6654.546777
15,15,6661.945666
13,13,6668.14472
15,15,6674.670979
17,17,6682.195414
15,15,6689.386755
22,22,6698.194207
19,19,6706.15295
13,13,6713.328105
14,14,6720.652439
12,12,6727.236293
13,13,6733.477475
17,17,6739.618653
13,13,6746.161106
21,21,6754.243992
15,15,6760.368544
15,15,6767.451952
18,18,6774.151944
13,13,6780.55951
13,13,6786.741347
15,15,6793.125984
13,13,6799.676113
13,13,6805.88475
14,14,6812.999978
13,13,6819.220118
18,18,6826.35899
13,13,6832.824842
13,13,6839.008357
13,13,6845.241177
14,14,6851.3415
14,14,6857.491228
14,14,6863.892133
20,20,6871.207237
11,11,6877.390337
12,12,6883.524229
18,18,6890.564999
14,14,6897.165408
17,17,6905.12282
15,15,6911.539406
14,14,6917.673787
13,13,6923.865577
12,12,6930.256329
12,12,6936.3808
18,18,6943.847459
15,15,6950.031172
16,16,6956.175004
13,13,6962.355988
13,13,6968.755055
19,19,6975.944962
21,21,6983.245957
13,13,6989.455365
11,11,6995.938774
17,17,7003.179878
15,15,7009.779718
15,15,7016.312429
22,22,7026.092169
15,15,7033.195598
17,17,7041.120748
14,14,7047.578732
12,12,7054.161515
14,14,7060.603663
17,17,7066.953311
15,15,7073.403361
14,14,7080.020132
17,17,7086.320143
12,12,7092.810839
11,11,7099.094142
13,13,7105.659549
14,14,7111.718591
13,13,7117.878915
12,12,7124.210492
11,11,7130.851971
13,13,7137.080371
16,16,7143.509692
13,13,7149.676918
14,14,7156.201465
18,18,7162.283888
15,15,7168.59579
14,14,7175.175047
15,15,7182.175549
20,20,7188.892065
13,13,7195.334342
13,13,7201.592252
18,18,7208.017175
16,16,7214.208707
16,16,7221.591264
15,15,7227.799244
14,14,7234.257841
14,14,7240.540924
11,11,7247.118193
11,11,7253.257226
11,11,7259.715477
15,15,7266.273697
14,14,7272.448663
11,11,7278.852095
13,13,7285.365652
18,18,7292.931035
21,21,7299.122664
11,11,7305.239827
12,12,7311.456195
20,20,7317.622578
15,15,7324.072708
16,16,7330.272546
11,11,7336.749863
15,15,7343.056264
17,17,7349.288126
11,11,7355.422185
11,11,7362.074238
13,13,7368.296642
16,16,7374.389595
26,26,7383.287832
14,14,7389.754208
20,20,7397.569875
21,21,7405.220816
12,12,7411.320514
11,11,7417.878026
12,12,7424.328692
14,14,7430.537181
16,16,7437.953885
16,16,7445.411861
13,13,7451.852839
13,13,7458.445112
21,21,7466.143654
15,15,7472.611247
12,12,7478.785975
14,14,7484.968264
14,14,7492.455308
14,14,7498.543717
22,22,7506.284501
13,13,7512.501487
19,19,7520.084168
16,16,7526.551364
14,14,7533.107832
11,11,7539.309252
13,13,7545.475331
16,16,7552.100946
15,15,7558.550343
12,12,7564.967056
13,13,7571.20893
15,15,7577.750217
14,14,7583.907709
16,16,7591.650059
15,15,7597.866386
22,22,7605.29079
13,13,7611.866635
12,12,7618.307585
13,13,7624.440836
17,17,7630.856788
14,14,7636.906953
11,11,7643.098529
15,15,7649.323223
15,15,7655.515223
17,17,7661.597929
11,11,7667.731151
14,14,7673.872753
14,14,7680.02309
16,16,7686.189197
15,15,7692.614978
11,11,7698.672369
17,17,7707.196776
25,25,7716.738251
15,15,7723.68043
13,13,7730.305904
13,13,7736.821507
25,25,7744.479896
14,14,7751.029847
12,12,7757.512765
20,20,7765.171486
20,20,7771.324936
20,20,7779.3706
13,13,7785.937416
12,12,7792.07816
13,13,7798.335758
18,18,7806.072759
15,15,7812.49524
16,16,7818.969832
13,13,7825.402834
14,14,7831.770147
14,14,7838.202241
19,19,7845.977298
14,14,7852.351931
16,16,7858.496469
14,14,7864.593649
10,10,7870.944301
21,21,7877.451469
14,14,7883.568127
15,15,7889.652214
11,11,7896.118369
12,12,7902.667533
11,11,7909.050999
12,12,7915.374943
14,14,7922.434007
14,14,7928.56739
13,13,7935.050895
15,15,7941.233417
13,13,7947.417206
13,13,7953.966802
13,13,7960.282673
14,14,7966.332665
12,12,7972.469284
41,41,7986.366107
14,14,7992.7832
14,14,7998.930866
19,19,8006.465805
14,14,8012.702155
15,15,8019.082446
15,15,8025.615656
13,13,8031.789574
12,12,8037.906819
21,21,8046.34023
13,13,8052.806624
14,14,8059.028447
13,13,8065.380392
15,15,8071.548497
15,15,8078.400358
15,15,8084.797841
12,12,8091.146835
16,16,8098.280341
14,14,8104.588894
14,14,8110.955611
17,17,8117.029219
11,11,8123.52901
22,22,8131.412984
20,20,8138.012896
16,16,8144.195982
14,14,8150.77064
16,16,8158.620612
14,14,8164.720565
14,14,8171.023017
12,12,8177.170729
19,19,8183.686484
14,14,8190.528055
16,16,8197.077043
15,15,8204.33631
14,14,8210.496724
15,15,8216.711496
17,17,8223.694199
17,17,8230.027344
13,13,8236.469281
12,12,8243.185209
12,12,8249.67704
17,17,8255.994999
15,15,8262.192922
15,15,8268.426549
11,11,8274.651843
12,12,8280.83793
12,12,8287.308796
14,14,8293.366752
13,13,8299.450629
15,15,8306.255844
13,13,8312.425246
28,28,8321.742538
11,11,8328.277693
13,13,8334.499848
17,17,8340.791334
11,11,8346.950847
17,17,8353.307818
19,19,8359.682911
13,13,8366.660426
15,15,8372.827263
18,18,8379.475119
14,14,8386.473256
12,12,8392.998592
16,16,8399.564791
17,17,8406.132526
13,13,8412.639587
17,17,8420.264756
20,20,8426.555958
15,15,8433.072995
12,12,8439.297306
11,11,8445.456145
16,16,8451.638797
20,20,8458.688375
14,14,8464.748791
16,16,8470.983696
18,18,8477.146103
16,16,8483.338134
12,12,8489.756069
13,13,8496.171624
13,13,8502.454428
22,22,8510.320555
11,11,8516.420437
14,14,8522.946369
18,18,8529.346132
18,18,8535.82084
13,13,8541.92947
13,13,8548.302192
15,15,8554.762208
14,14,8561.336091
21,21,8568.67781
16,16,8575.965375
12,12,8582.168954
21,21,8588.336364
15,15,8594.868991
15,15,8601.368588
13,13,8607.485635
15,15,8614.452158
16,16,8620.709848
14,14,8627.152644
21,21,8633.271034
15,15,8639.701346
19,19,8647.567585
12,12,8653.709226
11,11,8659.784951
19,19,8665.984395
14,14,8673.384635
13,13,8679.867348
17,17,8686.419992
15,15,8692.575991
17,17,8699.758732
12,12,8706.349397
17,17,8712.841921
15,15,8719.241363
10,10,8725.333035
12,12,8731.919317
15,15,8738.140836
16,16,8744.310335
15,15,8751.457413
14,14,8758.605021
13,13,8764.757181
17,17,8770.857672
16,16,8777.015826
15,15,8784.206539
16,16,8790.448296
21,21,8798.658322
14,14,8804.930608
14,14,8811.347664
15,15,8817.805184
13,13,8823.947618
13,13,8830.04735
14,14,8836.447443
12,12,8842.996285
13,13,8849.188299
14,14,8855.731015
15,15,8862.354356
16,16,8868.474032
13,13,8874.937795
9,9,8881.29844
13,13,8887.737389
14,14,8894.204411
21,21,8901.821254
18,18,8907.895155
13,13,8914.669531
15,15,8921.028594
18,18,8927.244876
14,14,8933.41937
14,14,8939.519937
15,15,8946.045175
21,21,8955.528104
12,12,8962.860475
18,18,8969.002239
17,17,8976.560302
12,12,8982.893438
10,10,8989.202567
14,14,8995.343243
19,19,9002.860083
17,17,9009.042838
13,13,9015.110185
13,13,9021.626864
22,22,9030.059908
17,17,9037.382176
14,14,9043.550054
13,13,9049.741927
12,12,9056.192255
15,15,9062.378904
21,21,9068.89203
17,17,9075.774638
18,18,9082.266148
20,20,9088.357464
20,20,9095.999422
15,15,9102.516577
21,21,9110.074971
16,16,9116.157487
15,15,9122.540732
16,16,9129.492864
12,12,9135.581379
13,13,9142.923194
16,16,9149.131811
25,25,9157.449063
12,12,9163.580623
13,13,9170.082005
12,12,9176.223371
18,18,9182.373078
19,19,9189.644329
34,34,9202.399088
20,20,9208.813521
12,12,9214.90587
14,14,9221.305819
23,23,9229.305627
21,21,9237.02123
27,27,9248.921674
16,16,9255.404467
34,34,9266.212241
33,33,9276.512908
18,18,9283.620504
25,25,9292.406593
19,19,9298.612379
20,20,9304.786341
32,32,9313.738641
22,22,9319.761656
28,28,9328.285718
15,15,9334.819932
13,13,9340.918483
17,17,9347.336633
18,18,9353.443451
19,19,9359.590832
24,24,9368.276983
17,17,9374.826559
28,28,9382.218593
18,18,9388.584546
14,14,9394.734128
16,16,9403.085122
19,19,9409.328709
19,19,9416.725924
16,16,9423.23476
15,15,9429.400741
16,16,9435.884063
16,16,9441.97543
15,15,9448.19116
11,11,9454.516968
16,16,9460.791843
29,29,9470.840943
13,13,9476.940725
11,11,9484.090726
16,16,9490.508498
20,20,9497.490955
16,16,9503.574544
22,22,9510.943307
23,23,9518.448685
37,37,9530.881518
23,23,9539.199509
24,24,9548.065097
17,17,9555.208892
20,20,9561.297151
30,30,9570.547459
16,16,9577.796678
22,22,9585.814406
16,16,9591.996876
27,27,9600.236737
15,15,9606.579926
13,13,9612.679965
27,27,9622.320613
15,15,9628.895984
16,16,9636.429289
20,20,9642.595908
15,15,9648.812226
12,12,9655.271063
10,10,9661.703099
20,20,9668.962348
25,25,9677.336599
25,25,9684.868982
22,22,9692.927789
14,14,9699.069422
14,14,9705.644847
25,25,9714.486626
20,20,9722.485423
13,13,9728.936188
19,19,9736.368781
26,26,9744.610729
21,21,9751.901865
18,18,9758.962309
27,27,9766.844038
16,16,9773.309804
24,24,9781.943663
24,24,9790.484949
18,18,9797.808301
23,23,9806.658529
26,26,9815.74984
20,20,9823.963474
16,16,9830.157988
21,21,9836.649242
16,16,9842.899753
23,23,9852.199119
20,20,9858.70769
15,15,9865.32324
26,26,9875.115565
21,21,9882.189854
18,18,9888.448828
17,17,9895.864189
16,16,9902.357978
26,26,9911.198287
20,20,9917.698738
15,15,9925.01404
18,18,9932.196938
19,19,9938.713861
20,20,9945.205527
12,12,9951.598132
17,17,9958.122095
15,15,9964.254643
20,20,9970.755941
17,17,9976.979545
18,18,9984.080124
22,22,9991.579062
21,21,10000.038243
14,14,10006.147688
31,31,10017.781833
35,35,10028.678518
10,10,10035.003503
29,29,10045.996109
21,21,10053.228796
15,15,10059.661712
11,11,10065.886256
20,20,10072.427952
53,53,10090.235846
17,17,10096.801259
28,28,10106.593924
19,19,10112.709593
13,13,10119.218923
19,19,10126.809714
17,17,10134.75362
26,26,10141.277304
16,16,10147.417552
19,19,10154.700763
22,22,10162.850145
19,19,10170.826282
28,28,10179.198749
22,22,10186.866838
13,13,10193.500628
22,22,10201.433152
28,28,10210.792276
15,15,10216.950054
13,13,10223.216612
14,14,10229.310391
15,15,10235.759806
27,27,10245.457264
19,19,10252.715501
23,23,10259.498394
15,15,10265.601485
56,56,10283.282101
15,15,10290.572529
16,16,10297.773316
16,16,10303.872815
22,22,10313.280292
11,11,10319.44704
15,15,10326.388863
22,22,10333.48339
19,19,10340.021678
19,19,10347.680363
17,17,10354.912661
32,32,10364.189833
30,30,10373.129701
15,15,10379.279173
20,20,10385.52159
17,17,10392.980602
12,12,10399.04488
14,14,10405.787148
21,21,10413.729118
16,16,10420.277735
33,33,10432.478155
30,30,10442.111688
18,18,10448.635718
11,11,10454.810212
13,13,10461.277439
29,29,10470.493685
24,24,10478.760831
22,22,10487.052554
18,18,10493.351995
27,27,10502.312112
22,22,10510.804158
23,23,10518.708977
25,25,10527.051317
17,17,10533.526356
18,18,10540.075742
19,19,10546.284241
19,19,10552.801133
19,19,10559.341753
22,22,10566.016405
20,20,10573.168865
14,14,10579.733155
22,22,10587.625374
52,52,10604.557489
26,26,10614.032983
23,23,10621.661201
17,17,10628.090684
22,22,10634.242593
20,20,10642.490212
21,21,10649.480967
24,24,10655.989659
29,29,10663.69812
19,19,10671.773146
21,21,10680.447739
32,32,10691.197415
19,19,10697.655287
12,12,10703.774902
14,14,10710.130387
21,21,10717.590958
22,22,10725.39694
21,21,10733.201807
12,12,10739.337424
22,22,10747.036816
22,22,10753.195806
18,18,10759.637629
18,18,10765.84507
20,20,10772.387262
34,34,10782.969442
14,14,10789.44584
21,21,10796.152954
23,23,10803.286026
18,18,10809.70341
15,15,10816.164508
19,19,10823.563447
46,46,10837.901688
27,27,10846.352673
19,19,10854.735541
16,16,10860.943146
26,26,10868.636554
17,17,10876.468264
14,14,10883.517753
23,23,10891.695432
29,29,10900.725377
19,19,10907.990679
22,22,10914.934501
31,31,10924.333563
34,34,10936.200647
18,18,10942.416952
19,19,10948.808505
20,20,10955.400302
20,20,10961.949737
20,20,10968.299832
30,30,10977.576478
13,13,10984.590154
24,24,10993.54021
22,22,11003.640894
11,11,11009.922735
36,36,11020.98209
13,13,11027.415114
39,39,11042.947762
21,21,11050.02239
19,19,11056.578615
25,25,11064.497048
19,19,11071.338266
24,24,11079.055098
53,53,11095.905365
25,25,11103.704941
16,16,11109.838229
38,38,11120.674012
23,23,11129.829009
24,24,11137.279145
38,38,11148.794781
38,38,11159.295341
26,26,11167.445579
20,20,11176.701017
29,29,11185.71506
26,26,11194.312592
21,21,11202.168612
19,19,11211.246471
21,21,11217.394272
26,26,11225.644237
17,17,11233.543326
26,26,11242.284403
29,29,11253.236927
13,13,11259.729948
19,19,11266.967244
21,21,11273.584928
15,15,11281.634443
16,16,11287.836829
18,18,11295.384025
35,35,11304.919286
24,24,11311.899651
21,21,11319.707923
23,23,11327.183131
26,26,11334.632798
23,23,11343.075145
16,16,11349.674427
18,18,11355.773692
24,24,11365.035395
21,21,11371.174463
18,18,11377.532631
28,28,11385.922907
20,20,11393.130682
18,18,11399.235642
28,28,11407.69838
30,30,11417.381621
20,20,11423.86449
50,50,11438.605091
22,22,11444.880631
17,17,11451.12191
55,55,11467.413192
20,20,11473.613965
20,20,11479.756678
44,44,11494.086999
24,24,11502.29587
43,43,11517.603096
23,23,11525.779152
36,36,11536.503877
20,20,11542.928154
14,14,11549.011349
23,23,11557.370327
20,20,11563.927064
25,25,11574.84438
16,16,11581.419454
28,28,11591.234647
25,25,11597.437218
17,17,11603.804386
22,22,11612.368562
23,23,11618.588509
20,20,11624.875555
19,19,11631.109462
22,22,11637.292629
21,21,11643.86719
17,17,11650.417548
22,22,11658.242522
25,25,11666.794986
50,50,11680.325033
31,31,11693.634725
30,30,11703.165671
21,21,11709.325137
22,22,11715.724564
30,30,11724.235635
18,18,11730.631813
17,17,11738.215307
27,27,11747.090726
20,20,11753.282413
24,24,11763.357003
23,23,11770.340136
19,19,11777.223114
18,18,11783.414363
19,19,11789.61466
21,21,11795.75605
19,19,11802.64235
15,15,11809.663806
22,22,11817.688759
24,24,11824.071634
21,21,11830.589223
34,34,11840.845914
23,23,11847.451706
22,22,11854.870486
42,42,11866.045752
18,18,11872.24089
18,18,11879.762484
28,28,11889.728902
29,29,11898.132443
33,33,11908.211888
27,27,11918.361275
25,25,11925.577848
64,64,11944.427782
22,22,11951.651973
22,22,11957.968803
21,21,11964.076947
23,23,11971.193289
24,24,11978.543632
30,30,11989.353665
16,16,11995.543626
19,19,12001.726445
55,55,12018.292869
21,21,12024.604039
20,20,12030.709195
34,34,12042.000257
23,23,12048.633045
31,31,12057.259081
51,51,12071.38367
14,14,12078.681514
16,16,12086.207467
25,25,12092.57221
23,23,12100.032125
34,34,12110.749439
33,33,12119.468902
25,25,12127.468816
16,16,12133.881997
62,62,12154.415061
22,22,12161.315073
43,43,12175.007599
29,29,12183.030699
64,64,12199.930357
24,24,12210.330129
33,33,12220.763205
20,20,12229.704378
61,61,12248.279468
22,22,12254.422235
18,18,12260.837643
36,36,12272.52057
47,47,12287.721246
25,25,12294.961208
18,18,12301.135734
23,23,12310.702478
61,61,12330.768779
36,36,12341.393534
20,20,12348.910231
28,28,12358.129502
33,33,12367.220586
20,20,12373.653579
22,22,12380.250868
19,19,12386.508715
18,18,12393.018285
59,59,12410.200991
25,25,12417.708688
23,23,12424.241746
18,18,12430.757718
13,13,12437.32505
49,49,12451.850226
26,26,12459.948851
19,19,12466.230783
40,40,12480.516458
19,19,12489.815605
31,31,12498.073798
24,24,12507.38225
17,17,12515.48943
35,35,12527.0898
64,64,12546.60599
19,19,12554.61416
13,13,12561.463373
18,18,12570.400421
66,66,12590.312191
22,22,12596.507611
59,59,12615.453487
20,20,12622.645274
16,16,12628.765615
19,19,12636.087258
26,26,12646.236662
13,13,12652.795983
25,25,12661.181913
17,17,12668.502646
34,34,12680.539026
44,44,12694.336286
21,21,12703.469508
36,36,12715.38562
17,17,12723.618467
16,16,12730.068628
20,20,12736.443698
35,35,12748.263195
21,21,12754.476297
18,18,12763.792715
15,15,12770.934389
14,14,12777.367264
31,31,12787.1919
17,17,12795.075435
17,17,12803.492318
36,36,12815.375198
57,57,12834.858025
22,22,12843.782482
23,23,12852.677794
19,19,12859.124682
14,14,12866.165897
11,11,12872.690129
14,14,12880.14921
46,46,12896.756154
34,34,12906.648944
11,11,12912.788745
28,28,12925.305798
35,35,12936.046877
19,19,12943.896472
14,14,12951.604875
35,35,12964.51329
58,58,12979.471187
32,32,12989.930089
31,31,13003.40399
20,20,13009.611898
38,38,13022.553081
18,18,13030.064234
22,22,13038.687082
45,45,13051.04819
15,15,13058.221959
64,64,13079.719751
36,36,13093.809075
55,55,13112.934919
59,59,13131.634437
29,29,13144.217049
15,15,13150.775744
21,21,13156.892224
23,23,13165.374844
26,26,13175.200272
41,41,13189.658262
22,22,13198.624415
26,26,13209.866346
31,31,13219.616183
28,28,13231.507728
29,29,13239.573282
33,33,13252.066286
35,35,13264.648159
20,20,13270.839209
13,13,13277.505672
39,39,13292.663573
28,28,13301.531329
34,34,13311.955064
48,48,13327.865962
19,19,13336.03024
61,61,13357.846775
16,16,13365.938305
43,43,13380.276588
20,20,13391.450295
22,22,13399.695342
39,39,13411.853537
39,39,13425.574394
24,24,13433.777583
69,69,13456.377499
15,15,13463.627063
29,29,13472.07644
73,73,13494.392829
20,20,13503.625837
31,31,13514.892133
56,56,13534.659144
67,67,13555.899377
25,25,13565.182918
27,27,13576.165414
23,23,13582.616085
61,61,13603.1911
40,40,13615.839753
36,36,13628.615323
35,35,13639.797656
41,41,13654.631028
17,17,13661.180865
87,87,13689.430718
54,54,13704.574615
37,37,13718.187437
11,11,13724.687523
49,49,13744.654339
22,22,13751.229284
46,46,13763.570677
18,18,13770.140554
18,18,13776.303682
24,24,13783.686133
26,26,13794.535839
11,11,13801.052823
34,34,13811.169022
19,19,13819.685488
57,57,13842.194152
35,35,13852.451368
33,33,13863.71029
55,55,13883.03454
14,14,13890.80136
32,32,13900.12582
62,62,13918.854509
45,45,13936.64059
25,25,13947.991413
43,43,13960.093958
17,17,13967.815209
16,16,13974.233541
16,16,13980.991402
11,11,13987.198882
29,29,13998.143098
41,41,14010.722941
43,43,14025.109056
25,25,14031.556324
24,24,14041.854927
33,33,14051.830649
51,51,14070.447416
57,57,14088.041341
26,26,14097.296597
39,39,14112.412258
15,15,14120.339871
39,39,14134.329018
31,31,14146.720288
22,22,14155.353552
39,39,14168.150155
31,31,14180.029327
48,48,14195.51918
105,105,14225.938621
45,45,14240.278656
85,85,14270.534158
122,122,14298.774488
30,30,14311.608675
18,18,14318.524159
29,29,14329.206872
53,53,14346.30669
58,58,14365.822716
33,33,14378.598686
45,45,14390.764976
91,91,14420.813873
28,28,14432.763296
70,70,14456.373985
17,17,14462.730782
27,27,14471.646171
78,78,14499.753967
68,68,14520.304312
74,74,14541.264684
60,60,14560.660555
105,105,14596.402061
36,36,14610.693399
71,71,14631.542404
70,70,14651.992392
31,31,14660.892507
43,43,14676.029384
69,69,14699.166109
75,75,14723.826893
40,40,14737.222726
10,10,14743.322718
17,17,14751.747827
20,20,14761.415167
63,63,14779.075416
76,76,14800.784021
22,22,14809.61395
42,42,14822.174741
45,45,14837.429267
60,60,14856.245977
22,22,14862.579316
23,23,14871.863232
79,79,14896.911792
96,96,14927.15519
45,45,14946.112417
50,50,14960.851007
52,52,14982.701473
82,82,15006.226003
30,30,15017.075229
71,71,15038.728006
59,59,15057.411267
17,17,15064.525076
31,31,15075.932725
93,93,15104.448713
17,17,15113.456547
49,49,15131.665253
39,39,15146.857186
56,56,15164.780892
54,54,15180.980439
66,66,15204.120801
11,11,15210.354783
26,26,15222.082093
52,52,15239.145941
32,32,15253.311554
24,24,15260.954175
39,39,15276.627206
32,32,15287.894952
38,38,15299.520293
50,50,15316.162955
9,9,15322.277791
70,70,15344.26439
55,55,15360.727203
60,60,15382.342204
38,38,15396.800724
76,76,15423.608216
27,27,15435.083682
64,64,15456.432673
62,62,15472.365828
53,53,15490.057116
66,66,15508.789997
19,19,15517.16513
65,65,15535.830554
25,25,15545.530243
37,37,15558.872417
19,19,15567.974824
35,35,15581.663141
73,73,15605.645568
61,61,15626.253709
72,72,15647.04476
91,91,15671.778853
60,60,15692.094066
71,71,15715.643487
57,57,15737.609363
65,65,15761.766912
41,41,15775.692513
40,40,15788.466447
42,42,15802.262996
13,13,15808.490693
51,51,15825.574598
53,53,15844.809366
18,18,15851.981624
34,34,15864.222857
42,42,15877.43196
73,73,15902.647359
39,39,15917.288392
81,81,15939.934107
53,53,15957.595962
69,69,15976.962359
88,88,16003.837124
17,17,16011.753766
47,47,16027.586266
16,16,16035.27773
111,111,16072.216868
31,31,16083.943121
31,31,16095.577797
74,74,16119.161973
51,51,16136.200762
78,78,16159.266759
65,65,16180.374385
40,40,16194.027763
64,64,16213.415742
12,12,16219.948082
46,46,16236.1654
69,69,16259.214546
75,75,16281.356106
59,59,16300.480874
23,23,16311.098194
31,31,16320.499826
63,63,16340.996498
47,47,16357.512402
58,58,16376.854138
39,39,16390.844206
17,17,16396.960693
34,34,16411.419123
26,26,16419.585244
72,72,16440.285681
43,43,16455.610167
42,42,16471.107766
42,42,16487.51844
26,26,16498.143116
86,86,16523.37586
17,17,16530.658869
56,56,16550.608846
19,19,16559.635274
62,62,16580.132062
41,41,16592.435877
20,20,16601.018085
40,40,16616.506783
30,30,16628.364254
43,43,16641.006642
12,12,16647.92215
47,47,16664.117121
20,20,16673.029974
100,100,16701.231679
66,66,16720.13747
16,16,16726.628842
84,84,16751.322937
23,23,16758.345154
16,16,16764.603804
65,65,16785.277237
76,76,16810.745305
32,32,16822.852313
38,38,16835.13482
23,23,16844.027223
81,81,16869.334726
59,59,16888.034797
76,76,16915.216386
42,42,16930.600199
43,43,16941.435267
61,61,16962.990208
36,36,16975.739831
36,36,16988.226277
33,33,16997.97263
55,55,17015.58054
38,38,17028.605749
13,13,17034.725092
31,31,17044.246696
14,14,17051.99729
64,64,17073.121809
75,75,17098.240745
42,42,17113.784107
53,53,17132.10567
65,65,17153.553035
17,17,17161.060945
80,80,17182.413753
63,63,17203.193636
27,27,17213.925912
41,41,17227.76831
37,37,17242.784731
40,40,17257.11986
56,56,17275.367151
53,53,17291.14186
38,38,17304.908221
86,86,17331.143005
33,33,17341.115745
83,83,17368.562811
97,97,17397.666648
77,77,17424.55564
20,20,17434.196118
83,83,17456.971971
55,55,17476.271281
68,68,17498.111567
29,29,17507.225907
36,36,17519.719573
42,42,17537.494938
43,43,17551.560645
14,14,17559.685359
63,63,17581.184774
75,75,17606.000965
10,10,17612.125569
52,52,17629.544488
13,13,17635.759216
48,48,17650.808191
22,22,17657.208221
40,40,17669.15798
35,35,17680.695015
48,48,17697.540849
37,37,17708.699351
44,44,17722.965655
34,34,17736.439572
18,18,17744.306124
47,47,17760.822129
37,37,17771.872616
28,28,17782.947179
32,32,17792.65017
71,71,17818.305275
88,88,17846.412912
19,19,17854.555025
42,42,17866.170111
44,44,17883.453141
104,104,17916.072169
25,25,17927.552421
16,16,17933.968801
33,33,17942.684964
26,26,17953.629658
13,13,17960.233494
41,41,17971.493831
36,36,17985.625803
21,21,17991.844525
63,63,18012.461837
11,11,18019.025016
69,69,18041.61994
23,23,18051.733062
55,55,18070.174279
52,52,18089.590555
30,30,18101.198447
64,64,18120.380873
89,89,18148.872412
77,77,18173.326548
44,44,18188.263793
24,24,18194.629685
47,47,18211.087966
30,30,18220.537576
30,30,18232.103301
40,40,18244.356711
38,38,18258.045415
57,57,18275.652886
27,27,18285.82784
46,46,18301.468805
66,66,18323.943895
72,72,18348.142873
56,56,18366.992573
68,68,18386.350991
65,65,18406.831528
57,57,18426.358012
105,105,18460.130887
19,19,18466.682101
87,87,18498.940089
50,50,18515.789346
13,13,18522.305209
65,65,18544.179708
46,46,18555.822123
40,40,18569.263099
29,29,18579.187522
59,59,18597.687392
68,68,18620.495858
68,68,18642.433855
20,20,18651.510904
40,40,18664.478017
65,65,18686.163213
60,60,18707.097829
59,59,18726.09232
17,17,18733.283877
56,56,18749.976048
18,18,18756.392684
52,52,18774.593326
57,57,18793.799706
39,39,18807.749112
31,31,18820.048861
30,30,18832.039333
34,34,18844.156781
27,27,18853.956787
17,17,18860.148555
13,13,18866.631411
14,14,18873.800848
48,48,18887.064109
40,40,18902.038428
51,51,18917.488125
19,19,18924.846614
31,31,18936.895701
27,27,18947.338074
76,76,18974.079033
29,29,18986.754162
40,40,18999.626186
23,23,19009.301254
33,33,19019.369074
18,18,19027.560956
68,68,19049.918239
27,27,19057.727072
52,52,19077.076225
24,24,19085.043385
27,27,19095.509722
33,33,19108.458434
79,79,19132.217254
26,26,19141.324758
57,57,19161.000336
37,37,19175.199541
80,80,19199.423673
23,23,19207.132452
57,57,19230.248683
94,94,19261.339579
99,99,19288.921643
58,58,19309.426063
69,69,19333.646564
68,68,19354.720405
17,17,19363.469737
28,28,19373.402778
37,37,19385.762439
39,39,19398.662001
32,32,19408.611438
31,31,19420.794445
31,31,19429.260267
57,57,19445.438039
119,119,19477.306147
23,23,19483.461744
44,44,19494.151335
15,15,19500.292128
58,58,19518.483418
80,80,19540.96583
22,22,19548.224944
45,45,19562.157594
64,64,19580.677108
73,73,19604.667668
13,13,19611.932013
78,78,19634.806088
42,42,19649.029935
28,28,19657.052372
80,80,19678.288231
26,26,19687.380423
24,24,19698.462805
42,42,19708.862215
17,17,19715.354348
82,82,19738.744859
26,26,19746.144526
52,52,19761.102975
40,40,19774.160322
74,74,19796.488716
51,51,19810.638827
61,61,19828.088241
76,76,19849.117588
86,86,19873.675285
15,15,19880.033548
54,54,19894.308342
70,70,19915.318611
29,29,19927.925619
73,73,19949.476758
125,125,19984.697726
45,45,19999.672835
36,36,20011.047652
30,30,20022.547193
82,82,20043.763924
36,36,20054.388253
27,27,20061.596972
94,94,20084.362366
50,50,20098.278255
64,64,20115.178261
23,23,20122.762067
62,62,20143.810946
46,46,20160.161231
75,75,20180.729072
105,105,20208.290437
38,38,20222.154124
64,64,20241.701049
71,71,20263.941873
68,68,20285.158355
32,32,20295.791561
125,125,20333.673611
68,68,20354.148207
77,77,20374.982136
47,47,20389.039715
45,45,20404.880141
98,98,20430.796827
46,46,20445.2629
24,24,20455.391951
36,36,20465.711767
38,38,20475.670824
23,23,20484.503301
33,33,20494.453227
22,22,20501.187645
84,84,20529.238595
51,51,20545.245681
29,29,20556.293417
77,77,20580.072824
121,121,20615.361815
46,46,20630.97631
83,83,20653.383256
59,59,20672.679956
76,76,20694.881971
68,68,20717.981762
46,46,20734.506958
35,35,20747.556195
19,19,20754.122732
37,37,20769.522724
76,76,20790.847111
15,15,20796.95467
70,70,20819.295726
83,83,20839.99615
52,52,20855.686995
43,43,20871.736509
22,22,20877.887834
75,75,20897.352718
100,100,20926.193881
42,42,20938.385139
29,29,20950.435577
31,31,20958.331719
23,23,20964.442697
21,21,20973.225315
88,88,20999.242683
85,85,21022.482723
19,19,21031.30706
96,96,21057.899412
61,61,21077.156995
19,19,21085.848662
44,44,21097.715143
65,65,21118.650063
30,30,21130.697657
47,47,21145.707989
38,38,21159.171251
15,15,21166.830343
30,30,21175.713351
87,87,21199.954296
37,37,21210.070517
20,20,21216.157136
29,29,21224.487089
20,20,21232.020667
56,56,21251.13702
26,26,21263.399265
58,58,21278.535507
80,80,21303.218465
17,17,21311.12629
54,54,21326.218633
22,22,21332.750555
29,29,21340.20133
31,31,21349.454572
61,61,21369.049985
78,78,21391.399545
56,56,21409.774456
33,33,21419.741318
59,59,21438.473765
52,52,21455.876488
50,50,21472.723446
55,55,21492.647046
15,15,21501.197631
76,76,21526.480569
26,26,21535.438593
38,38,21547.271853
29,29,21554.987672
44,44,21567.990033
51,51,21587.578625
40,40,21600.371024
63,63,21621.036994
118,118,21654.670466
23,23,21662.352919
44,44,21673.943108
17,17,21681.394353
32,32,21690.343434
67,67,21711.334756
71,71,21730.651555
70,70,21753.349771
64,64,21771.966735
33,33,21782.965407
21,21,21789.112091
59,59,21806.499642
21,21,21813.540494
11,11,21820.099052
17,17,21828.22349
54,54,21843.839404
53,53,21860.171994
57,57,21876.148123
49,49,21890.513587
33,33,21901.705364
52,52,21918.963115
28,28,21931.271262
29,29,21940.618268
34,34,21953.288614
26,26,21961.716153
67,67,21983.837063
40,40,21995.623239
21,21,22002.303441
30,30,22012.144229
37,37,22023.419472
60,60,22042.468956
69,69,22062.835329
37,37,22074.178285
43,43,22088.267895
55,55,22108.5582
62,62,22129.716228
35,35,22140.225204
87,87,22166.799692
59,59,22183.090213
58,58,22202.248474
68,68,22224.472735
39,39,22239.21131
33,33,22248.994091
54,54,22269.064288
52,52,22285.521923
38,38,22295.466108
60,60,22310.5706
34,34,22321.929107
20,20,22331.145979
104,104,22359.461812
19,19,22365.969872
83,83,22389.410827
92,92,22417.610401
36,36,22429.344068
28,28,22439.337559
58,58,22458.292861
78,78,22484.686329
37,37,22494.286442
61,61,22514.041878
45,45,22526.449514
71,71,22550.240834
48,48,22566.331733
48,48,22584.598146
20,20,22592.604661
17,17,22600.358295
61,61,22620.538991
38,38,22632.705569
14,14,22639.197563
11,11,22645.588851
31,31,22657.121287
39,39,22673.43783
82,82,22700.262769
74,74,22727.295904
19,19,22733.387223
59,59,22752.81974
29,29,22763.0527
71,71,22786.363186
22,22,22796.727374
45,45,22809.534779
29,29,22821.051983
73,73,22842.475294
71,71,22868.342102
58,58,22889.624989
64,64,22912.13254
87,87,22943.05723
32,32,22956.806842
32,32,22965.131687
38,38,22979.381315
58,58,22999.889757
20,20,23008.789394
46,46,23023.780254
14,14,23032.079631
34,34,23045.046363
57,57,23065.987601
65,65,23089.911754
110,110,23121.95386
23,23,23131.105972
25,25,23140.635228
67,67,23164.842935
41,41,23179.968241
56,56,23199.217482
33,33,23213.128659
38,38,23226.542346
91,91,23252.391496
52,52,23273.916512
20,20,23282.190793
40,40,23295.573819
15,15,23303.173359
48,48,23323.360438
75,75,23348.097779
58,58,23368.340829
30,30,23375.89688
38,38,23391.674445
39,39,23403.741479
100,100,23436.897845
22,22,23443.203897
42,42,23460.028393
20,20,23466.169937
64,64,23489.786001
21,21,23498.452981
41,41,23513.936183
52,52,23529.052417
24,24,23538.576987
32,32,23549.119069
28,28,23560.651829
49,49,23580.650687
29,29,23592.335065
26,26,23602.983179
38,38,23617.84162
18,18,23626.667218
72,72,23649.999607
54,54,23671.140407
34,34,23683.640863
37,37,23696.173673
36,36,23705.768503
46,46,23725.473156
39,39,23737.801289
21,21,23747.688656
41,41,23761.513775
34,34,23775.24957
44,44,23789.680024
16,16,23796.654153
88,88,23822.5211
76,76,23846.07791
47,47,23863.745162
17,17,23870.685488
19,19,23879.142729
50,50,23895.313449
55,55,23917.334602
21,21,23924.476956
30,30,23935.702385
26,26,23946.776726
72,72,23968.26821
59,59,23987.117028
58,58,24007.24215
36,36,24021.366244
76,76,24045.986194
12,12,24052.457553
20,20,24061.91517
40,40,24075.065411
33,33,24086.10901
19,19,24094.747432
21,21,24104.023318
14,14,24111.259423
14,14,24118.514554
24,24,24128.330616
45,45,24144.371739
13,13,24150.713866
104,104,24186.321299
39,39,24200.678229
57,57,24224.481223
59,59,24246.968887
55,55,24266.702546
84,84,24293.785755
36,36,24309.101975
63,63,24331.384139
27,27,24338.496454
27,27,24348.458331
31,31,24363.409165
71,71,24386.233256
36,36,24398.690777
52,52,24417.457063
30,30,24429.831552
44,44,24442.181548
66,66,24465.205737
63,63,24489.502139
30,30,24500.833627
49,49,24520.379862
20,20,24530.037953
48,48,24545.805148
15,15,24553.320761
44,44,24571.495603
38,38,24587.853891
51,51,24608.478763
19,19,24616.019308
35,35,24628.553229
31,31,24642.609366
55,55,24659.668375
33,33,24670.577157
30,30,24684.926181
46,46,24699.559464
52,52,24717.467638
40,40,24731.675639
68,68,24753.461404
30,30,24765.586317
21,21,24773.106136
64,64,24793.93705
61,61,24814.476547
22,22,24825.081321
32,32,24839.748343
41,41,24853.747907
43,43,24869.988024
18,18,24878.547261
13,13,24884.946991
42,42,24898.780523
20,20,24907.729804
60,60,24927.330443
28,28,24940.521201
46,46,24958.279024
13,13,24964.654138
28,28,24975.644868
68,68,24997.165334
60,60,25018.685993
61,61,25039.659643
13,13,25047.143846
64,64,25068.067778
28,28,25079.649777
21,21,25088.766882
23,23,25098.650733
140,140,25143.924951
63,63,25165.683175
57,57,25186.589401
35,35,25200.948342
49,49,25219.023053
37,37,25233.672664
57,57,25254.80524
64,64,25276.138058
52,52,25297.421456
22,22,25305.771245
68,68,25328.07045
47,47,25345.086479
44,44,25364.770156
71,71,25390.063738
57,57,25411.518229
59,59,25432.059652
30,30,25445.116903
95,95,25477.192323
46,46,25493.008363
26,26,25503.258164
22,22,25511.858127
101,101,25542.7599
25,25,25552.922997
44,44,25569.889244
58,58,25591.709463
27,27,25600.59534
50,50,25619.629339
63,63,25638.955597
56,56,25661.295932
33,33,25673.645056
39,39,25687.854312
41,41,25700.337283
47,47,25717.211949
64,64,25737.96914
28,28,25748.44832
33,33,25761.469393
52,52,25780.076064
37,37,25791.284521
29,29,25802.926147
61,61,25823.790123
16,16,25831.00063
29,29,25841.684381
44,44,25859.69236
25,25,25871.791088
49,49,25888.474055
55,55,25908.290624
47,47,25926.073434
21,21,25935.773306
51,51,25953.998127
55,55,25973.970555
39,39,25987.488932
16,16,25994.404907
56,56,26012.946552
19,19,26019.213208
59,59,26039.858717
40,40,26051.662556
31,31,26064.803556
80,80,26090.511424
17,17,26099.587177
52,52,26120.619325
20,20,26129.443429
40,40,26144.14314
74,74,26167.185179
42,42,26182.270355
50,50,26201.543785
14,14,26208.117323
61,61,26226.416745
45,45,26240.51171
28,28,26251.491883
42,42,26267.530207
39,39,26283.099825
57,57,26304.565261
63,63,26324.432283
23,23,26333.680778
30,30,26345.605782
60,60,26367.258489
37,37,26378.732867
26,26,26388.849298
31,31,26401.595979
61,61,26423.02023
70,70,26443.66999
59,59,26464.223374
66,66,26486.190049
49,49,26502.935604
29,29,26513.710702
56,56,26531.018376
55,55,26550.334495
49,49,26565.922685
68,68,26588.859522
60,60,26609.232945
46,46,26625.333133
50,50,26643.25757
46,46,26662.790043
27,27,26672.606785
29,29,26681.690338
67,67,26705.555927
64,64,26728.539322
13,13,26734.728139
67,67,26756.371777
21,21,26765.272056
36,36,26775.721604
13,13,26783.546218
21,21,26791.638047
60,60,26811.850833
55,55,26832.08696
138,138,26871.930772
42,42,26884.327789
20,20,26893.558112
48,48,26909.434492
22,22,26919.060417
11,11,26925.651788
10,10,26932.192998
11,11,26938.309641
47,47,26950.900636
66,66,26973.559884
75,75,26995.699798
65,65,27017.498778
39,39,27030.674103
45,45,27046.673633
23,23,27055.673167
58,58,27077.815144
32,32,27088.950636
28,28,27097.539921
47,47,27117.697192
40,40,27135.738378
36,36,27151.619502
57,57,27171.845331
20,20,27181.212612
55,55,27202.328754
57,57,27221.278574
70,70,27246.02743
55,55,27266.70974
21,21,27276.502551
17,17,27284.951568
94,94,27313.242503
17,17,27321.709685
64,64,27341.884081
40,40,27356.984437
59,59,27376.754097
34,34,27385.068025
73,73,27406.449346
43,43,27422.16564
45,45,27440.547427
65,65,27461.847395
67,67,27485.872258
44,44,27499.987498
50,50,27518.697086
61,61,27540.721393
23,23,27548.546611
63,63,27569.811599
45,45,27583.278455
71,71,27608.836651
23,23,27618.977814
73,73,27640.618402
26,26,27652.476624
15,15,27661.443392
12,12,27668.809915
69,69,27694.559203
61,61,27713.158648
60,60,27735.417265
35,35,27746.824187
59,59,27766.260729
77,77,27788.88195
57,57,27808.581084
62,62,27825.956422
63,63,27846.738937
24,24,27856.356382
45,45,27868.855559
53,53,27886.00347
67,67,27906.873517
64,64,27927.003685
53,53,27946.537294
22,22,27956.16386
47,47,27976.277606
60,60,27995.045773
15,15,28001.127599
49,49,28020.568754
49,49,28039.310196
27,27,28049.342661
14,14,28056.613566
11,11,28062.95925
47,47,28079.733457
44,44,28098.242548
28,28,28104.667095
49,49,28119.941252
68,68,28140.424844
13,13,28146.890489
64,64,28167.77378
68,68,28190.28949
30,30,28198.90568
32,32,28210.665185
69,69,28233.097326
72,72,28255.93864
48,48,28271.897012
60,60,28292.698886
46,46,28308.936395
21,21,28317.254072
32,32,28330.537048
64,64,28351.769305
52,52,28369.660518
38,38,28380.560684
60,60,28400.184944
41,41,28415.717868
82,82,28441.917772
51,51,28456.936457
63,63,28478.886301
29,29,28491.01585
61,61,28515.50748
62,62,28534.36574
59,59,28555.398837
58,58,28576.03649
41,41,28589.497318
13,13,28596.530602
27,27,28605.388772
57,57,28624.516891
29,29,28632.512971
33,33,28644.595711
66,66,28662.879291
66,66,28681.737032
49,49,28701.528514
46,46,28720.569934
31,31,28729.933374
21,21,28740.628098
11,11,28746.760433
42,42,28759.509804
31,31,28771.859957
42,42,28783.418374
32,32,28796.784993
45,45,28810.533594
51,51,28829.525073
34,34,28841.895424
18,18,28850.150151
50,50,28867.933272
11,11,28874.058898
38,38,28887.358015
76,76,28914.659701
25,25,28923.742749
21,21,28931.01421
13,13,28938.36464
32,32,28950.805586
47,47,28965.322757
11,11,28971.863347
67,67,28993.941741
50,50,29009.580733
29,29,29019.788075
14,14,29027.366894
62,62,29048.478473
64,64,29068.711441
18,18,29076.853433
61,61,29098.081005
45,45,29114.760311
40,40,29127.768724
67,67,29147.081174
28,28,29158.246062
49,49,29178.100368
29,29,29189.609643
27,27,29197.133011
38,38,29210.717523
13,13,29218.05045
52,52,29236.708089
54,54,29255.298842
75,75,29277.690312
62,62,29297.981872
59,59,29318.206021
28,28,29328.673353
25,25,29339.522526
19,19,29347.149028
65,65,29367.73101
68,68,29388.671255
75,75,29416.579179
72,72,29440.609832
25,25,29452.843575
59,59,29474.044952
35,35,29482.713862
54,54,29502.217771
35,35,29516.247561
57,57,29535.918676
14,14,29542.768887
30,30,29554.959691
41,41,29570.134319
73,73,29593.483824
48,48,29607.191565
14,14,29614.508266
80,80,29638.290801
33,33,29650.157215
64,64,29673.165102
44,44,29689.615149
60,60,29709.922472
56,56,29729.689148
52,52,29748.772274
47,47,29766.955075
24,24,29775.046896
38,38,29790.003954
28,28,29800.337434
51,51,29818.365359
61,61,29838.405431
72,72,29865.152571
15,15,29872.969138
72,72,29895.710304
27,27,29905.345525
61,61,29925.204944
45,45,29941.292041
16,16,29948.466907
51,51,29969.208569
27,27,29979.707453
20,20,29985.933386
54,54,30006.290822
14,14,30013.505412
57,57,30033.662879
15,15,30040.089844
16,16,30047.505913
15,15,30054.456863
18,18,30061.631968
44,44,30077.172381
52,52,30096.772374
75,75,30122.055386
129,129,30157.970678
33,33,30171.72046
57,57,30192.280213
56,56,30212.035997
18,18,30219.336117
62,62,30242.252921
38,38,30256.234592
66,66,30279.402838
60,60,30304.767805
33,33,30316.734618
62,62,30340.442127
61,61,30357.182634
56,56,30377.666234
14,14,30385.002373
11,11,30392.166036
60,60,30411.739877
11,11,30418.265338
43,43,30433.598624
24,24,30443.797675
57,57,30464.031173
31,31,30472.789658
24,24,30479.327794
39,39,30494.321538
30,30,30504.247174
54,54,30524.003935
39,39,30539.210194
52,52,30553.995874
21,21,30563.020821
73,73,30587.411133
82,82,30614.577098
52,52,30631.11944
16,16,30637.510815
18,18,30645.709687
16,16,30654.567805
27,27,30665.710224
72,72,30686.330891
52,52,30702.018865
92,92,30730.116371
93,93,30760.598511
16,16,30768.859658
53,53,30783.324102
14,14,30790.481807
30,30,30802.248694
49,49,30819.367485
49,49,30836.439698
50,50,30855.154939
41,41,30866.080347
18,18,30874.188992
64,64,30893.519446
18,18,30901.540168
52,52,30920.087477
62,62,30941.115641
30,30,30954.586046
58,58,30973.911121
20,20,30982.727172
69,69,31006.960639
73,73,31029.175661
60,60,31050.817488
49,49,31064.384026
58,58,31083.541831
56,56,31104.049206
41,41,31116.681729
62,62,31142.507175
41,41,31155.931973
94,94,31186.664315
60,60,31209.505258
53,53,31230.445942
27,27,31237.880191
18,18,31246.737906
22,22,31254.146277
33,33,31266.178913
26,26,31276.115654
43,43,31288.828846
24,24,31298.553873
40,40,31313.628821
25,25,31324.7622
68,68,31346.686289
41,41,31361.318788
44,44,31374.862656
19,19,31383.051441
12,12,31390.134419
29,29,31401.31867
75,75,31425.58349
49,49,31442.633148
64,64,31463.783785
26,26,31474.499867
55,55,31495.316743
15,15,31501.390449
25,25,31512.781727
43,43,31528.674064
59,59,31548.41833
63,63,31568.939397
51,51,31587.639462
96,96,31616.774875
63,63,31638.340632
13,13,31645.215759
11,11,31651.597055
22,22,31660.431958
38,38,31674.053024
22,22,31682.505963
18,18,31688.66162
14,14,31695.094999
16,16,31704.202794
67,67,31725.945602
17,17,31734.960709
39,39,31749.759918
27,27,31758.984871
24,24,31769.268692
11,11,31775.443067
85,85,31805.401435
41,41,31819.06336
88,88,31849.708492
60,60,31869.69999
59,59,31886.568668
16,16,31892.79103
54,54,31912.723657
45,45,31926.023181
11,11,31932.189025
53,53,31951.530594
20,20,31962.63015
43,43,31975.057052
75,75,31999.462763
55,55,32018.945293
20,20,32028.02033
25,25,32039.539598
61,61,32061.06188
56,56,32082.110623
55,55,32102.924775
66,66,32126.493626
57,57,32149.38416
57,57,32168.84556
53,53,32188.370683
26,26,32196.533269
46,46,32214.774127
65,65,32237.649346
21,21,32246.333314
29,29,32258.059991
91,91,32284.59361
33,33,32298.606651
21,21,32308.355973
26,26,32319.363793
39,39,32333.746974
19,19,32342.588731
31,31,32354.688105
79,79,32379.930271
55,55,32400.770598
65,65,32422.502983
53,53,32441.877469
66,66,32463.444126
55,55,32484.685749
65,65,32506.551887
64,64,32528.462068
23,23,32534.884272
39,39,32549.009636
22,22,32558.667307
98,98,32590.481221
60,60,32610.166686
11,11,32616.349612
32,32,32628.613829
74,74,32654.806648
32,32,32667.282061
75,75,32693.755788
48,48,32712.372008
40,40,32727.396787
25,25,32737.188138
69,69,32759.862918
52,52,32778.848531
48,48,32796.269778
26,26,32808.642094
25,25,32819.669726
54,54,32840.45261
34,34,32853.235171
17,17,32860.702687
68,68,32885.926043
60,60,32906.209139
61,61,32927.97537
46,46,32943.742062
27,27,32955.133468
52,52,32970.569825
51,51,32990.531941
57,57,33010.548493
69,69,33031.932454
17,17,33039.598346
34,34,33053.489393
59,59,33072.438687
25,25,33082.246866
11,11,33088.905348
27,27,33100.848917
51,51,33119.462873
13,13,33125.988468
34,34,33141.462698
47,47,33159.440229
61,61,33181.003583
53,53,33201.19501
62,62,33221.911097
37,37,33238.211558
57,57,33259.893196
57,57,33279.550867
32,32,33292.533446
72,72,33317.817044
25,25,33328.608406
21,21,33335.807638
33,33,33349.783777
58,58,33370.691692
58,58,33391.306546
22,22,33401.873829
14,14,33409.348177
61,61,33429.130601
45,45,33447.175296
69,69,33470.192363
59,59,33492.379966
49,49,33509.563464
41,41,33522.306592
38,38,33538.928152
13,13,33545.136961
38,38,33559.595599
49,49,33580.069495
49,49,33600.277594
56,56,33618.70234
25,25,33629.459665
31,31,33640.014539
43,43,33655.770577
33,33,33669.143395
65,65,33692.549742
51,51,33712.283191
40,40,33725.124239
55,55,33748.54871
37,37,33763.707264
68,68,33786.947856
75,75,33812.83363
16,16,33820.372615
16,16,33828.739635
26,26,33840.738462
34,34,33851.346164
29,29,33863.018642
24,24,33872.854872
22,22,33881.829259
38,38,33897.237722
38,38,33911.279418
53,53,33931.514119
32,32,33945.461433
47,47,33964.069177
13,13,33970.477263
26,26,33980.552221
52,52,34000.694537
26,26,34012.052056
38,38,34023.550537
15,15,34030.918228
23,23,34042.092376
79,79,34070.457806
33,33,34080.350138
32,32,34091.591269
18,18,34100.50768
56,56,34124.091427
12,12,34130.449483
11,11,34136.656221
28,28,34148.715514
43,43,34165.639058
62,62,34189.372701
43,43,34207.449197
18,18,34215.874541
37,37,34230.088136
30,30,34242.835604
22,22,34249.44572
56,56,34269.662626
70,70,34293.328595
79,79,34322.202937
16,16,34329.319421
27,27,34339.343423
88,88,34369.726625
52,52,34389.64486
15,15,34396.193616
44,44,34411.601332
37,37,34427.559288
71,71,34453.570014
60,60,34472.374568
27,27,34483.843575
34,34,34493.757554
63,63,34516.598819
53,53,34535.731017
62,62,34558.900287
27,27,34569.964305
11,11,34576.430988
43,43,34592.613436
62,62,34615.529282
41,41,34630.821145
23,23,34640.445281
68,68,34664.687368
16,16,34671.795091
50,50,34691.695507
57,57,34712.910805
32,32,34726.368267
20,20,34732.810927
54,54,34753.118897
23,23,34762.859061
15,15,34770.793704
46,46,34792.017848
39,39,34806.22584
64,64,34829.858621
52,52,34847.474655
111,111,34884.358336
14,14,34890.598745
21,21,34899.364404
59,59,34922.722253
55,55,34940.597407
59,59,34960.346727
35,35,34976.796665
44,44,34992.145709
19,19,35001.51328
38,38,35013.153586
20,20,35023.612215
19,19,35033.274229
53,53,35054.669698
27,27,35065.445081
55,55,35088.110202
28,28,35097.300067
61,61,35118.43534
40,40,35132.485132
61,61,35156.359392
49,49,35173.783841
24,24,35182.508283
112,112,35224.499777
45,45,35242.798645
64,64,35263.089183
20,20,35272.598361
14,14,35279.797742
86,86,35309.389352
74,74,35330.738628
31,31,35341.738574
56,56,35363.939912
51,51,35384.86228
70,70,35408.245798
34,34,35423.237014
62,62,35446.005428
13,13,35452.561597
25,25,35463.286667
41,41,35477.709757
55,55,35498.259276
41,41,35513.443617
19,19,35522.718198
55,55,35544.858528
34,34,35558.36748
53,53,35574.900227
57,57,35595.352915
51,51,35614.315425
21,21,35623.332199
59,59,35642.297741
58,58,35661.474938
13,13,35668.046888
37,37,35683.38087
14,14,35691.203146
35,35,35706.088862
68,68,35728.64131
42,42,35744.571504
42,42,35760.153396
41,41,35774.837482
46,46,35791.787364
16,16,35798.635992
26,26,35807.520113
25,25,35819.821594
44,44,35834.576869
50,50,35854.716025
34,34,35866.834649
27,27,35880.350725
50,50,35900.483972
27,27,35913.45052
38,38,35927.689748
37,37,35944.167234
37,37,35959.474458
48,48,35977.074334
67,67,35999.898481
33,33,36012.966467
53,53,36033.997492
13,13,36040.206549
48,48,36054.663974
47,47,36071.629925
64,64,36096.704981
22,22,36105.662945
21,21,36114.90556
82,82,36144.928618
23,23,36155.231179
21,21,36165.378698
43,43,36184.586884
24,24,36196.595205
97,97,36229.585506
34,34,36244.368109
79,79,36273.633983
49,49,36291.808028
28,28,36306.35923
73,73,36328.166257
23,23,36338.665867
55,55,36360.407604
26,26,36372.957062
67,67,36399.048525
14,14,36405.231158
25,25,36415.039042
36,36,36427.541003
19,19,36434.820659
46,46,36451.772009
55,55,36472.846402
66,66,36496.854521
58,58,36519.646048
28,28,36530.553847
29,29,36541.869517
34,34,36555.945473
70,70,36580.521226
26,26,36588.603112
32,32,36602.643767
30,30,36615.726151
61,61,36638.917555
56,56,36655.800902
31,31,36668.5163
68,68,36691.449935
21,21,36700.21596
53,53,36719.315856
47,47,36737.24349
17,17,36745.123132
13,13,36751.606964
20,20,36759.904721
22,22,36768.873426
51,51,36786.456174
20,20,36794.872772
25,25,36806.004979
17,17,36812.622442
72,72,36836.657466
65,65,36860.145505
82,82,36891.137503
20,20,36899.4454
45,45,36912.112101
19,19,36919.419842
63,63,36937.647347
40,40,36948.044969
47,47,36961.111251
61,61,36977.801746
60,60,36993.567922
37,37,37003.935159
62,62,37023.46738
74,74,37044.317276
20,20,37051.633986
68,68,37071.082797
67,67,37093.118471
55,55,37109.541327
48,48,37123.481955
86,86,37147.957384
61,61,37163.421915
25,25,37169.997432
43,43,37183.747234
56,56,37200.672396
48,48,37212.474
54,54,37230.138664
14,14,37236.729277
31,31,37248.770845
35,35,37258.037225
168,168,37303.319881
94,94,37332.426981
17,17,37339.010218
53,53,37354.112803
41,41,37366.526573
85,85,37389.85935
56,56,37408.001163
62,62,37426.407514
47,47,37439.575008
82,82,37461.033449
53,53,37477.907471
40,40,37489.406725
101,101,37518.18978
29,29,37528.08139
22,22,37534.331064
50,50,37548.364682
30,30,37556.780794
43,43,37568.122199
30,30,37576.471867
47,47,37588.765542
81,81,37609.846927
94,94,37634.078607
34,34,37643.962864
28,28,37656.014677
75,75,37676.447674
85,85,37702.810611
29,29,37711.352471
33,33,37721.127099
57,57,37737.276881
72,72,37757.662287
38,38,37768.217458
72,72,37787.6173
70,70,37808.027993
57,57,37825.616774
80,80,37848.765553
35,35,37859.557429
91,91,37883.87332
48,48,37898.898236
39,39,37913.364495
46,46,37927.272495
98,98,37957.946733
79,79,37977.989867
108,108,38004.737678
89,89,38031.078231
73,73,38050.702893
151,151,38093.036696
50,50,38106.235577
29,29,38118.585317
37,37,38130.351188
60,60,38148.06759
46,46,38160.51897
40,40,38170.833032
77,77,38190.952028
68,68,38210.265383
141,141,38249.540346
42,42,38264.112978
87,87,38289.998229
36,36,38300.61223
31,31,38312.73867
55,55,38328.532588
41,41,38339.962724
69,69,38359.907391
78,78,38379.512157
65,65,38398.837126
84,84,38422.885983
16,16,38430.160842
25,25,38436.277393
86,86,38460.035603
75,75,38483.226899
24,24,38489.567866
19,19,38496.117939
16,16,38502.570879
20,20,38511.19745
71,71,38530.516574
30,30,38539.025862
50,50,38554.817155
96,96,38582.940515
100,100,38615.941589
26,26,38623.073087
54,54,38639.273613
30,30,38649.189434
73,73,38672.064606
44,44,38684.896934
84,84,38706.661172
56,56,38722.365288
34,34,38730.837485
63,63,38749.304537
69,69,38768.977803
52,52,38785.645612
69,69,38807.561691
99,99,38834.913727
82,82,38859.117416
58,58,38876.445521
16,16,38882.56882
61,61,38897.755498
72,72,38917.433774
36,36,38929.291181
24,24,38935.577849
43,43,38948.733066
59,59,38967.89049
44,44,38979.217444
46,46,38991.015317
63,63,39009.856623
45,45,39023.206528
45,45,39038.556579
56,56,39053.955321
39,39,39064.879706
54,54,39081.500337
78,78,39104.229619
21,21,39112.737256
71,71,39132.37851
49,49,39144.836947
28,28,39153.062104
78,78,39177.961548
46,46,39190.91168
40,40,39203.285398
66,66,39223.4685
62,62,39240.392892
48,48,39253.47647
103,103,39284.850435
54,54,39301.240874
31,31,39314.758424
45,45,39330.875378
73,73,39349.382608
35,35,39363.307241
26,26,39369.649379
58,58,39385.739949
74,74,39406.848003
54,54,39424.597212
41,41,39436.547072
47,47,39450.487989
87,87,39473.10214
86,86,39498.160047
70,70,39517.320138
58,58,39536.169632
34,34,39545.789161
64,64,39563.335264
24,24,39569.535283
48,48,39583.517973
71,71,39603.609605
76,76,39627.917787
72,72,39647.900728
85,85,39672.50089
46,46,39685.949309
95,95,39709.150558
72,72,39728.74891
25,25,39734.998524
66,66,39752.582237
21,21,39759.098119
36,36,39773.025465
85,85,39798.840947
46,46,39813.781122
112,112,39847.870806
62,62,39865.62018
107,107,39902.135832
43,43,39917.920064
61,61,39935.435076
88,88,39961.388103
47,47,39977.102237
31,31,39988.351962
89,89,40013.026248
28,28,40020.100815
26,26,40028.267383
35,35,40037.916805
68,68,40060.202184
34,34,40073.79138
43,43,40086.181986
20,20,40094.574382
124,124,40129.896656
48,48,40144.723559
11,11,40150.851259
21,21,40159.605441
67,67,40179.413103
130,130,40216.113798
16,16,40222.287417
91,91,40246.514956
69,69,40269.768152
93,93,40298.611279
42,42,40313.05342
118,118,40345.171106
43,43,40361.200749
90,90,40388.995382
31,31,40401.625649
80,80,40428.02479
49,49,40443.549061
81,81,40467.293072
20,20,40473.649093
24,24,40482.165389
65,65,40502.489325
20,20,40511.039803
62,62,40532.689395
79,79,40555.522036
45,45,40572.180389
54,54,40588.587427
33,33,40596.666212
71,71,40620.903749
53,53,40635.353841
30,30,40646.070251
22,22,40653.31968
80,80,40682.361562
63,63,40702.077083
60,60,40720.893083
87,87,40747.207931
22,22,40753.384457
32,32,40765.442414
77,77,40790.000655
18,18,40796.202611
65,65,40817.699458
68,68,40841.840028
28,28,40852.682345
35,35,40864.416865
54,54,40882.674008
29,29,40893.502367
70,70,40913.866257
83,83,40939.838899
53,53,40956.054269
45,45,40971.079901
69,69,40991.645537
36,36,41004.853481
21,21,41011.082009
16,16,41019.477963
38,38,41030.444135
31,31,41041.902739
40,40,41052.23894
46,46,41065.244103
75,75,41086.880216
56,56,41102.626578
37,37,41115.343289
52,52,41132.8955
100,100,41166.291635
29,29,41174.207978
45,45,41187.208673
70,70,41206.974566
53,53,41223.064822
41,41,41236.431999
168,168,41278.600822
34,34,41288.639162
76,76,41311.547282
29,29,41319.974516
53,53,41339.179255
43,43,41353.440623
95,95,41380.819882
37,37,41395.611309
26,26,41402.937946
72,72,41424.394806
44,44,41442.126634
22,22,41448.269531
61,61,41469.158988
56,56,41490.167829
36,36,41500.437299
28,28,41508.350728
31,31,41516.670802
84,84,41541.200303
38,38,41555.750035
61,61,41574.290686
50,50,41588.91589
58,58,41606.342589
35,35,41616.640278
26,26,41627.689447
63,63,41648.297399
21,21,41655.930336
31,31,41667.538494
26,26,41675.571844
24,24,41685.713447
42,42,41702.167131
32,32,41710.60443
71,71,41733.604168
24,24,41740.162363
31,31,41750.471036
60,60,41768.094533
98,98,41795.569627
78,78,41820.860797
35,35,41829.7438
79,79,41851.543316
59,59,41870.234901
38,38,41880.623301
24,24,41887.237695
35,35,41900.191983
26,26,41906.750219
13,13,41914.117141
52,52,41932.557483
79,79,41954.307935
71,71,41976.215721
72,72,41997.139573
35,35,42006.78986
83,83,42032.897138
15,15,42039.322447
27,27,42052.396833
68,68,42071.845765
22,22,42080.77914
66,66,42099.845651
51,51,42116.603323
71,71,42138.720263
53,53,42153.394174
95,95,42182.804369
30,30,42194.73867
52,52,42209.385807
29,29,42221.635867
58,58,42238.300844
28,28,42246.642154
36,36,42259.367325
61,61,42280.191958
44,44,42292.200521
27,27,42301.117156
67,67,42321.606926
71,71,42342.449034
36,36,42353.024295
69,69,42375.4509
68,68,42396.983213
44,44,42411.555827
33,33,42424.054997
70,70,42447.647605
61,61,42469.053868
130,130,42506.248083
51,51,42521.93621
57,57,42535.711742
37,37,42548.97757
92,92,42576.612428
66,66,42598.576174
28,28,42605.625508
79,79,42628.342472
102,102,42661.633015
51,51,42679.140765
23,23,42685.50018
21,21,42691.899318
125,125,42726.699016
27,27,42735.898404
35,35,42745.323144
36,36,42754.606054
37,37,42766.824189
23,23,42773.997524
29,29,42783.380417
31,31,42794.622145
94,94,42821.355335
66,66,42844.704072
73,73,42863.520123
34,34,42873.007337
17,17,42880.887222
12,12,42887.021705
60,60,42904.261609
48,48,42918.277532
75,75,42943.597211
52,52,42959.884811
84,84,42989.591722
73,73,43013.809065
42,42,43028.516468
69,69,43052.383418
72,72,43073.665554
82,82,43100.856077
29,29,43112.065196
26,26,43120.381092
18,18,43128.665209
11,11,43134.781795
32,32,43146.18909
15,15,43152.289045
12,12,43158.405045
49,49,43177.155317
23,23,43186.437917
14,14,43192.963618
34,34,43205.257064
37,37,43219.353769
24,24,43226.920078
48,48,43241.074191
49,49,43260.936121
33,33,43276.003306
75,75,43298.644707
58,58,43319.933959
60,60,43339.335259
57,57,43360.484812
13,13,43367.042493
77,77,43393.483758
24,24,43402.519775
81,81,43430.802391
26,26,43441.315623
67,67,43463.898102
103,103,43496.706175
26,26,43508.064857
37,37,43518.389181
65,65,43540.413394
12,12,43546.48908
15,15,43553.037786
16,16,43560.671381
12,12,43567.138585
25,25,43577.321314
26,26,43586.728474
24,24,43595.545898
20,20,43603.378779
73,73,43629.219511
74,74,43653.2871
31,31,43663.169698
101,101,43695.327492
60,60,43715.551663
36,36,43728.042943
25,25,43739.371062
77,77,43761.901111
68,68,43784.549564
22,22,43791.699451
25,25,43803.008081
53,53,43820.144012
77,77,43843.036004
34,34,43855.573207
32,32,43866.6397
19,19,43875.322668
63,63,43899.072684
55,55,43917.421994
62,62,43938.255289
53,53,43957.679276
70,70,43981.036816
42,42,43997.620691
33,33,44011.328731
15,15,44018.787086
59,59,44039.811129
40,40,44053.352316
60,60,44074.018043
23,23,44080.567302
18,18,44087.134939
32,32,44100.259823
18,18,44109.459314
50,50,44123.408684
55,55,44141.53375
34,34,44155.558009
60,60,44174.023943
100,100,44207.610108
106,106,44240.390347
27,27,44251.651144
56,56,44271.922155
36,36,44285.454835
64,64,44305.1463
44,44,44320.570882
58,58,44341.713046
56,56,44361.845545
58,58,44378.727721
77,77,44407.90186
46,46,44420.735851
72,72,44446.434443
70,70,44470.734488
67,67,44493.631403
67,67,44517.699478
37,37,44532.374744
40,40,44549.120323
60,60,44568.75751
36,36,44578.024764
19,19,44586.098264
33,33,44596.373939
17,17,44605.031564
24,24,44615.056837
57,57,44634.598131
39,39,44651.13294
20,20,44661.672182
54,54,44680.445774
60,60,44703.254164
53,53,44722.695529
34,34,44735.087122
57,57,44756.795507
35,35,44769.180156
32,32,44782.413456
14,14,44789.602567
28,28,44796.577494
73,73,44819.843354
57,57,44840.484731
23,23,44849.867
59,59,44868.983899
63,63,44889.266532
45,45,44902.315529
82,82,44930.448646
68,68,44951.615842
75,75,44977.515749
61,61,44998.092496
58,58,45018.63365
44,44,45035.107601
61,61,45057.472149
31,31,45070.538632
59,59,45092.374785
25,25,45104.62922
35,35,45115.645375
31,31,45128.467048
32,32,45140.71153
62,62,45162.569022
51,51,45180.284998
47,47,45199.892268
61,61,45220.10127
45,45,45232.992991
10,10,45239.134213
70,70,45263.200551
28,28,45272.716395
63,63,45294.957863
29,29,45302.260935
52,52,45320.939945
16,16,45327.773092
49,49,45346.539609
71,71,45366.123007
69,69,45389.755914
23,23,45400.33858
35,35,45414.024297
68,68,45434.329842
40,40,45446.69625
22,22,45455.795932
48,48,45470.12077
29,29,45481.239187
45,45,45496.644477
45,45,45512.794714
72,72,45533.271569
74,74,45555.968215
42,42,45575.402105
24,24,45581.535373
32,32,45589.608934
50,50,45608.344214
14,14,45614.80939
77,77,45641.64937
61,61,45661.841766
44,44,45678.907329
58,58,45700.107792
52,52,45718.515468
25,25,45730.423241
76,76,45757.664469
82,82,45782.008073
67,67,45804.138026
85,85,45831.547945
62,62,45855.33552
92,92,45883.403142
65,65,45906.497977
47,47,45921.814182
49,49,45937.176383
65,65,45958.726437
46,46,45971.209164
80,80,45998.009053
71,71,46017.883068
21,21,46026.79108
60,60,46044.625032
79,79,46071.557095
51,51,46089.06542
80,80,46113.292059
18,18,46121.306259
79,79,46147.029783
54,54,46167.354692
44,44,46181.296805
50,50,46199.671679
114,114,46235.770751
65,65,46259.59491
51,51,46277.952529
54,54,46297.659472
79,79,46323.094061
27,27,46332.83845
50,50,46350.858945
33,33,46363.567888
63,63,46385.634739
75,75,46412.890814
30,30,46425.500506
76,76,46450.131519
38,38,46460.44657
28,28,46467.839916
81,81,46491.081334
55,55,46510.93978
22,22,46517.03077
34,34,46529.43637
30,30,46538.221294
72,72,46560.396047
46,46,46577.596087
46,46,46593.34598
39,39,46604.877825
67,67,46622.714041
80,80,46649.989085
57,57,46670.510948
40,40,46683.226703
104,104,46712.937289
42,42,46725.109137
37,37,46735.433641
65,65,46753.39181
40,40,46769.708443
84,84,46791.841413
34,34,46803.807027
14,14,46811.348296
80,80,46837.589696
65,65,46859.150739
48,48,46874.506511
26,26,46881.939903
30,30,46891.92634
21,21,46900.688941
50,50,46914.207783
80,80,46936.09673
63,63,46957.491552
47,47,46972.619733
56,56,46989.9887
57,57,47008.160977
15,15,47014.798625
61,61,47034.419467
29,29,47044.227327
62,62,47063.151108
29,29,47076.602047
78,78,47099.525605
32,32,47108.919454
25,25,47115.208736
46,46,47132.638805
21,21,47138.753169
58,58,47159.25794
34,34,47172.127731
41,41,47184.249313
39,39,47198.815929
81,81,47223.581711
86,86,47245.297737
50,50,47262.863906
16,16,47269.389105
39,39,47280.238355
33,33,47292.721488
104,104,47321.649851
18,18,47327.970804
86,86,47350.695069
48,48,47367.127621
23,23,47373.236123
28,28,47383.669492
40,40,47393.127842
81,81,47416.621342
54,54,47435.269089
65,65,47454.484893
25,25,47461.792539
30,30,47470.958528
16,16,47478.317633
99,99,47509.717243
65,65,47529.755768
46,46,47543.399647
54,54,47561.752234
29,29,47573.415424
13,13,47579.76553
59,59,47596.956884
90,90,47623.772187
38,38,47634.555626
34,34,47648.205324
27,27,47654.399382
22,22,47660.688212
84,84,47684.782809
34,34,47696.795896
42,42,47712.345837
39,39,47723.352991
62,62,47744.461421
101,101,47775.852861
57,57,47792.709979
53,53,47812.84312
45,45,47828.637715
37,37,47841.525633
47,47,47854.600326
93,93,47879.991767
36,36,47893.950809
53,53,47912.643974
85,85,47939.007368
75,75,47963.967527
27,27,47972.118178
66,66,47993.038741
27,27,48000.697808
69,69,48023.849087
77,77,48045.437672
64,64,48066.354843
64,64,48086.149684
50,50,48101.087162
68,68,48125.544107
30,30,48133.552625
36,36,48146.661643
29,29,48153.743492
36,36,48167.39374
64,64,48188.459459
36,36,48199.50128
66,66,48223.201092
62,62,48244.199723
83,83,48272.174912
24,24,48281.807649
35,35,48295.249177
42,42,48307.109742
46,46,48323.173126
72,72,48343.040161
26,26,48350.172797
62,62,48368.397398
95,95,48396.271732
52,52,48417.725103
73,73,48441.104879
47,47,48455.82101
37,37,48470.536182
32,32,48478.653343
26,26,48488.911983
30,30,48497.4784
18,18,48506.735939
46,46,48521.135323
12,12,48527.635122
23,23,48536.410101
21,21,48545.701041
74,74,48568.568607
49,49,48586.592408
20,20,48597.122853
38,38,48607.049953
138,138,48648.258462
53,53,48663.148587
45,45,48678.064904
31,31,48690.415041
28,28,48697.498689
67,67,48718.064252
56,56,48733.12261
65,65,48753.480732
62,62,48774.84698
91,91,48801.608144
71,71,48825.395947
85,85,48851.076687
40,40,48861.347394
49,49,48877.453708
86,86,48901.694353
18,18,48910.21014
121,121,48943.960299
44,44,48958.067591
24,24,48967.092663
20,20,48976.934487
42,42,48989.442357
44,44,49002.508258
93,93,49030.174974
71,71,49054.75696
86,86,49078.106176
43,43,49090.880772
46,46,49106.625693
32,32,49119.05514
75,75,49143.171923
37,37,49152.809634
23,23,49159.071361
31,31,49171.637713
70,70,49191.640761
92,92,49218.562108
26,26,49229.219817
35,35,49241.802587
15,15,49249.31145
15,15,49255.51042
39,39,49267.361133
52,52,49285.110402
45,45,49300.759801
80,80,49321.600566
39,39,49332.100751
67,67,49351.725611
56,56,49370.675242
57,57,49391.124945
30,30,49399.825048
77,77,49423.890929
50,50,49438.483472
60,60,49459.58195
47,47,49472.723005
63,63,49495.146989
48,48,49509.813997
116,116,49543.863773
75,75,49566.220544
26,26,49576.471136
78,78,49597.169428
13,13,49604.045343
48,48,49618.377477
37,37,49629.836159
20,20,49638.535993
85,85,49662.617812
57,57,49682.209206
66,66,49703.725994
23,23,49711.074871
28,28,49722.809075
43,43,49739.350924
33,33,49748.100378
64,64,49767.93279
33,33,49778.444016
42,42,49793.665629
27,27,49801.299059
21,21,49807.590955
78,78,49828.923445
40,40,49841.990035
55,55,49857.147668
99,99,49885.599198
91,91,49911.330147
72,72,49932.84682
53,53,49950.830807
37,37,49963.111238
32,32,49972.592066
59,59,49991.986132
73,73,50010.670194
32,32,50021.060231
19,19,50028.61867
22,22,50034.843244
16,16,50042.777129
61,61,50061.759298
28,28,50071.159043
87,87,50099.609308
80,80,50123.14078
54,54,50140.366222
96,96,50171.965391
72,72,50193.89854
38,38,50205.598149
53,53,50219.620774
32,32,50229.63871
18,18,50238.555586
72,72,50258.421876
21,21,50265.672496
13,13,50272.271361
27,27,50281.304787
70,70,50301.238324
24,24,50307.496145
14,14,50313.645883
49,49,50329.89658
105,105,50359.278066
22,22,50366.769916
63,63,50387.835548
30,30,50396.935093
47,47,50412.552049
61,61,50431.634922
77,77,50456.026388
39,39,50470.858478
23,23,50477.52541
63,63,50494.416908
72,72,50514.593539
40,40,50527.527639
111,111,50559.359159
65,65,50579.356022
63,63,50598.180421
96,96,50625.597174
123,123,50662.481889
75,75,50683.454436
74,74,50706.30829
69,69,50723.62197
60,60,50743.511641
22,22,50749.71926
69,69,50773.662853
61,61,50793.185753
52,52,50811.693017
63,63,50834.884396
27,27,50845.867039
52,52,50862.275108
35,35,50874.93339
70,70,50892.699726
43,43,50905.135098
59,59,50924.626817
22,22,50935.181419
36,36,50945.026112
64,64,50963.701653
81,81,50986.231074
46,46,51001.455386
91,91,51028.513623
44,44,51044.166585
52,52,51058.619123
66,66,51079.319979
51,51,51100.252541
21,21,51108.477245
51,51,51126.227325
53,53,51145.030424
42,42,51158.685539
65,65,51179.559766
58,58,51196.500623
76,76,51219.392094
25,25,51227.675524
28,28,51235.057831
30,30,51246.766805
30,30,51259.583048
57,57,51279.424567
51,51,51296.765322
63,63,51316.764982
71,71,51341.197543
44,44,51356.840332
65,65,51375.68022
55,55,51391.813334
113,113,51422.628939
12,12,51429.245887
53,53,51449.112594
65,65,51468.787131
61,61,51486.810713
67,67,51508.335982
51,51,51526.985575
60,60,51543.609787
13,13,51550.11192
14,14,51558.051099
45,45,51573.642236
29,29,51582.517745
83,83,51609.892216
19,19,51619.307888
63,63,51638.858258
48,48,51653.540709
79,79,51677.614882
81,81,51699.848296
16,16,51705.923299
61,61,51726.439435
30,30,51738.458486
61,61,51755.605583
76,76,51778.179333
41,41,51794.462683
21,21,51800.781459
32,32,51811.645883
30,30,51822.711443
33,33,51833.37804
22,22,51843.419767
89,89,51871.728121
55,55,51891.802541
20,20,51899.692748
34,34,51910.335299
44,44,51927.868037
74,74,51948.125842
50,50,51964.267299
32,32,51976.742182
39,39,51987.266195
57,57,52007.63307
16,16,52013.832692
41,41,52024.660848
66,66,52045.240378
57,57,52063.630671
70,70,52085.830925
38,38,52098.920623
62,62,52116.358341
95,95,52143.44658
41,41,52157.040027
29,29,52166.97072
24,24,52179.453832
125,125,52213.810007
17,17,52221.288838
35,35,52234.00261
35,35,52243.51055
13,13,52249.685912
66,66,52271.45271
37,37,52283.417915
28,28,52292.110013
64,64,52309.366911
32,32,52322.850298
35,35,52334.008338
66,66,52354.825328
19,19,52363.174315
53,53,52381.516816
21,21,52391.198691
67,67,52412.373373
26,26,52420.415539
59,59,52439.989356
22,22,52446.198084
51,51,52461.186947
47,47,52474.439126
72,72,52494.407412
21,21,52500.540562
43,43,52515.529607
36,36,52525.970757
42,42,52541.479245
94,94,52567.870502
38,38,52582.395191
44,44,52595.137042
13,13,52602.006034
22,22,52608.30863
34,34,52619.74467
37,37,52629.377619
55,55,52647.154544
83,83,52671.843121
24,24,52681.767736
60,60,52699.395129
27,27,52707.733554
47,47,52721.269482
78,78,52744.119044
62,62,52763.065888
69,69,52783.373989
51,51,52800.306274
63,63,52820.868423
39,39,52835.330846
83,83,52860.504687
14,14,52867.87221
21,21,52875.565404
60,60,52895.448202
46,46,52910.18772
71,71,52933.103709
68,68,52953.911726
47,47,52966.337011
67,67,52987.061374
33,33,52999.969482
86,86,53028.477398
37,37,53040.318
35,35,53053.13516
57,57,53070.476094
38,38,53081.495409
65,65,53100.517217
62,62,53121.543788
35,35,53134.183268
99,99,53163.649381
83,83,53187.067939
62,62,53208.322717
73,73,53230.797782
11,11,53237.279963
56,56,53254.899275
45,45,53266.904139
86,86,53290.095977
38,38,53303.115381
63,63,53323.220701
51,51,53339.745395
75,75,53364.272311
53,53,53382.452242
42,42,53399.610104
74,74,53423.601244
90,90,53446.637328
37,37,53458.141752
34,34,53471.317132
66,66,53491.001344
69,69,53509.865588
71,71,53531.107959
56,56,53550.915419
54,54,53567.833859
26,26,53575.231853
128,128,53612.472164
14,14,53618.821835
83,83,53643.197176
40,40,53657.124179
81,81,53679.845847
29,29,53688.620112
39,39,53703.328835
56,56,53719.819754
45,45,53732.535708
37,37,53746.493304
41,41,53757.288652
50,50,53773.084749
63,63,53792.134216
20,20,53801.308838
125,125,53838.558823
58,58,53855.782786
71,71,53877.09363
31,31,53889.366186
67,67,53911.148976
24,24,53922.598669
66,66,53944.373156
72,72,53968.072447
24,24,53974.321663
52,52,53995.496247
54,54,54009.880116
47,47,54023.279808
47,47,54042.296016
57,57,54062.68701
33,33,54073.187131
67,67,54093.561308
35,35,54106.819071
43,43,54121.480395
85,85,54144.91085
86,86,54168.726229
60,60,54186.308838
12,12,54192.717845
24,24,54199.933956
22,22,54208.608497
89,89,54235.966644
66,66,54256.552194
53,53,54273.54854
55,55,54291.390024
23,23,54301.984798
88,88,54326.848582
21,21,54336.389369
92,92,54364.813742
12,12,54371.202503
73,73,54392.571206
52,52,54408.570273
68,68,54430.453828
49,49,54446.594665
26,26,54452.795803
72,72,54476.044162
60,60,54494.052787
123,123,54528.652446
19,19,54534.767994
30,30,54545.667167
54,54,54565.342556
42,42,54576.225676
112,112,54609.108709
61,61,54630.019434
14,14,54636.126719
70,70,54657.173024
31,31,54667.665101
17,17,54675.915145
66,66,54692.45712
23,23,54699.639002
31,31,54709.657988
29,29,54717.333211
31,31,54730.047259
55,55,54747.580846
42,42,54759.246332
57,57,54781.496859
94,94,54811.512077
58,58,54833.328287
25,25,54841.472118
32,32,54853.413255
64,64,54873.768465
44,44,54888.626707
56,56,54904.985092
46,46,54920.075309
47,47,54936.568379
29,29,54947.442714
61,61,54965.249894
22,22,54971.725206
24,24,54980.509358
47,47,54999.016653
61,61,55019.079762
61,61,55037.53215
24,24,55047.815228
40,40,55060.731449
44,44,55076.497706
37,37,55087.747622
32,32,55100.755421
79,79,55121.450191
20,20,55131.92195
77,77,55157.695952
41,41,55172.128493
57,57,55189.674431
37,37,55202.605087
75,75,55223.702808
12,12,55230.227447
60,60,55250.98273
25,25,55261.884838
20,20,55270.67668
41,41,55281.218342
76,76,55301.812315
21,21,55311.608817
93,93,55336.883723
33,33,55349.491277
76,76,55368.791646
44,44,55384.740725
37,37,55396.348682
15,15,55402.651351
58,58,55417.817628
50,50,55435.658877
80,80,55458.255705
34,34,55470.778404
12,12,55478.685196
9,9,55484.975339
37,37,55501.530596
21,21,55508.380459
18,18,55514.862983
49,49,55534.654436
12,12,55540.854682
51,51,55555.618066
58,58,55576.302687
69,69,55596.16101
97,97,55626.769632
55,55,55643.609307
43,43,55655.490229
32,32,55668.159803
34,34,55678.743037
59,59,55698.192347
57,57,55717.94999
27,27,55725.767048
15,15,55732.26664
59,59,55753.333019
72,72,55774.574208
60,60,55794.881916
18,18,55803.132033
26,26,55814.65671
69,69,55835.030593
42,42,55845.474558
58,58,55863.955547
85,85,55887.621069
68,68,55909.363063
29,29,55920.787123
48,48,55934.670182
15,15,55940.902823
30,30,55949.519656
70,70,55971.487197
64,64,55991.079051
51,51,56008.018271
67,67,56029.417533
33,33,56038.701566
29,29,56049.759874
11,11,56055.887091
64,64,56079.666672
25,25,56087.45694
63,63,56108.066384
60,60,56130.008288
62,62,56148.543267
52,52,56166.753905
56,56,56185.097534
17,17,56192.22242
34,34,56205.26386
40,40,56220.347223
66,66,56240.722095
51,51,56258.379539
53,53,56278.153617
56,56,56299.3534
90,90,56323.455926
56,56,56345.195116
51,51,56364.193906
21,21,56372.394255
39,39,56386.774547
26,26,56397.501621
103,103,56430.183479
59,59,56452.899884
21,21,56459.31635
24,24,56469.797296
42,42,56482.274252
35,35,56496.543903
63,63,56518.031914
68,68,56538.389215
32,32,56550.473528
56,56,56569.839554
41,41,56585.68887
103,103,56616.697178
47,47,56634.728944
39,39,56647.245853
41,41,56665.56198
18,18,56673.96273
67,67,56694.037025
26,26,56704.661408
22,22,56714.086143
33,33,56727.966124
21,21,56734.179885
66,66,56752.27079
54,54,56773.476263
56,56,56793.734085
20,20,56800.308169
46,46,56820.742083
54,54,56839.033317
56,56,56857.058046
59,59,56877.507737
55,55,56896.331566
25,25,56903.818374
37,37,56918.797309
37,37,56930.564197
43,43,56945.905723
22,22,56955.980192
51,51,56974.822084
66,66,56996.162902
65,65,57017.652287
29,29,57030.146149
27,27,57039.311636
14,14,57046.145188
63,63,57068.82457
34,34,57079.969343
45,45,57096.727657
43,43,57108.936177
25,25,57117.202841
29,29,57129.676918
61,61,57150.568339
64,64,57170.735209
43,43,57188.600739
13,13,57195.524644
59,59,57217.378665
60,60,57236.282465
76,76,57259.559026
57,57,57279.87402
11,11,57286.33128
45,45,57301.023016
56,56,57320.830313
33,33,57334.75589
114,114,57372.237893
54,54,57391.1155
40,40,57404.78754
36,36,57419.419827
24,24,57426.712229
58,58,57446.694084
44,44,57463.277758
23,23,57472.302789
22,22,57483.06974
38,38,57496.360902
55,55,57511.943374
39,39,57524.084835
48,48,57542.850983
67,67,57564.383221
21,21,57570.800444
19,19,57578.217104
73,73,57600.333359
39,39,57616.016421
13,13,57622.5736
75,75,57649.757108
56,56,57669.482243
35,35,57683.316653
13,13,57689.789808
40,40,57703.331541
26,26,57712.496617
44,44,57728.363266
27,27,57739.354163
30,30,57749.846003
65,65,57770.198353
68,68,57790.720791
41,41,57805.728733
29,29,57817.537126
37,37,57832.287651
26,26,57844.402258
25,25,57851.819674
60,60,57870.26107
73,73,57894.492916
54,54,57911.310174
70,70,57934.03553
47,47,57950.275149
55,55,57971.616357
71,71,57995.207195
33,33,58008.008088
57,57,58026.756811
36,36,58038.706555
33,33,58052.581716
31,31,58060.448063
29,29,58071.605672
66,66,58091.546098
77,77,58119.196254
54,54,58138.237251
67,67,58159.28897
44,44,58175.911558
56,56,58195.786538
66,66,58217.477875
37,37,58232.652879
81,81,58259.268523
35,35,58274.883974
62,62,58296.284476
65,65,58315.375652
54,54,58335.274794
21,21,58344.036189
59,59,58364.682168
19,19,58372.865785
35,35,58387.965091
16,16,58395.314776
57,57,58415.764421
74,74,58441.833851
82,82,58465.854776
87,87,58494.512907
46,46,58508.713015
78,78,58538.16156
65,65,58561.261345
61,61,58584.161245
23,23,58595.427165
58,58,58612.518788
41,41,58624.626262
13,13,58631.183377
71,71,58651.467832
31,31,58661.403602
49,49,58679.533899
62,62,58700.891426
30,30,58713.575213
67,67,58734.649865
31,31,58746.965522
56,56,58768.014997
21,21,58777.631327
67,67,58798.206701
49,49,58813.488951
49,49,58827.538975
92,92,58854.996229
56,56,58871.946221
50,50,58887.796056
56,56,58907.178871
55,55,58923.645661
52,52,58938.248086
55,55,58958.286156
61,61,58980.155198
70,70,59001.693264
53,53,59020.317893
71,71,59043.641603
12,12,59050.712195
64,64,59073.233985
10,10,59079.324024
49,49,59097.215862
68,68,59118.090761
23,23,59124.607453
57,57,59144.024644
46,46,59158.547692
49,49,59172.772973
56,56,59192.689581
33,33,59201.205161
35,35,59211.597158
61,61,59233.038413
26,26,59243.653939
39,39,59257.746634
19,19,59265.54547
80,80,59289.80598
81,81,59317.852872
34,34,59330.736039
39,39,59341.228105
28,28,59349.835152
90,90,59382.393722
32,32,59393.285318
60,60,59415.491706
61,61,59436.808449
71,71,59460.816354
24,24,59470.124119
42,42,59482.66952
62,62,59503.841344
46,46,59516.557122
11,11,59523.348905
31,31,59536.267164
44,44,59550.755387
46,46,59565.905496
